name,type,color,promoter,promoterDNA,ribozyme,ribozymeDNA,rbs,rbsDNA,cds,cdsDNA,terminator,terminatorDNA,ymax,ymin,K,n,IL,IH,equation
A1_AmtR,NOR,3BA9E0,pAmtR,CTTGTCCAACCAAATgattcgttaccctttgacagTTTCTATCGATCTATAGATAATgctagc,BydvJ,CTGAagGGTGTCTCAAGGTGCGTACCTTGACTGATGAGTCCGAAAGGACGAAACACCcctctacaaataattttgtttaa,A1,AATGTTCCCTAATAATCAGCAAAGAGGTTACTAG,AmtR,ATGGCAGGCGCAGTTGGTCGTCCGCGTCGTAGTGCACCGCGTCGTGCAGGTAAAAATCCGCGTGAAGAAATTCTGGATGCAAGCGCAGAACTGTTTACCCGTCAGGGTTTTGCAACCACCAGTACCCATCAGATTGCAGATGCAGTTGGTATTCGTCAGGCAAGCCTGTATTATCATTTTCCGAGCAAAACCGAAATCTTTCTGACCCTGCTGAAAAGCACCGTTGAACCGAGCACCGTTCTGGCAGAAGATCTGAGCACCCTGGATGCAGGTCCGGAAATGCGTCTGTGGGCAATTGTTGCAAGCGAAGTTCGTCTGCTGCTGAGCACCAAATGGAATGTTGGTCGTCTGTATCAGCTGCCGATTGTTGGTAGCGAAGAATTTGCAGAATATCATAGCCAGCGTGAAGCACTGACCAATGTTTTTCGTGATCTGGCAACCGAAATTGTTGGTGATGATCCGCGTGCAGAACTGCCGTTTCATATTACCATGAGCGTTATTGAAATGCGTCGCAATGATGGTAAAATTCCGAGTCCGCTGAGCGCAGATAGCCTGCCGGAAACCGCAATTATGCTGGCAGATGCAAGCCTGGCAGTTCTGGGTGCACCGCTGCCTGCAGATCGTGTTGAAAAAACCCTGGAACTGATTAAACAGGCAGATGCAAAATAATAA,L3S2P55,CTCGGTACCAAAGACGAACAATAAGACGCTGAAAAGCGTCTTTTTTCGTTTTGGTCC,3.8,0.06,0.07,1.6,0.071418036,0.917082477,ymin+(ymax-ymin)/(1.0+(x/K)^n)
B1_BM3R1,NOR,EE2F2B,pBM3R1,AATCCGCGTGATAGGTCTGATTCGTTACCAATTGACGGAATGAACGTTCATTCCGATAATGCTAGC,SarJ,CTGAAGACTGTCGCCGGATGTGTATCCGACCTGACGATGGCCCAAAAGGGCCGAAACAGTCCTCTACAAATAATTTTGTTTAA,B1,CTATGGACTATGTTTTAACTACTAG,BM3R1,ATGGAAAGCACCCCGACCAAACAGAAAGCAATTTTTAGCGCAAGCCTGCTGCTGTTTGCAGAACGTGGTTTTGATGCAACCACCATGCCGATGATTGCAGAAAATGCAAAAGTTGGTGCAGGCACCATTTATCGCTATTTCAAAAACAAAGAAAGCCTGGTGAACGAACTGTTTCAGCAGCATGTTAATGAATTTCTGCAGTGTATTGAAAGCGGTCTGGCAAATGAACGTGATGGTTATCGTGATGGCTTTCATCACATTTTTGAAGGTATGGTGACCTTTACCAAAAATCATCCGCGTGCACTGGGTTTTATCAAAACCCATAGCCAGGGCACCTTTCTGACCGAAGAAAGCCGTCTGGCATATCAGAAACTGGTTGAATTTGTGTGCACCTTTTTTCGTGAAGGTCAGAAACAGGGTGTGATTCGTAATCTGCCGGAAAATGCACTGATTGCAATTCTGTTTGGCAGCTTTATGGAAGTGTATGAAATGATCGAGAACGATTATCTGAGCCTGACCGATGAACTGCTGACCGGTGTTGAAGAAAGCCTGTGGGCAGCACTGAGCCGTCAGAGCTAATAA,L3S2P11,CTCGGTACCAAATTCCAGAAAAGAGACGCTTTCGAGCGTCTTTTTTCGTTTTGGTCC,0.5,0.004,0.04,3.4,0.040190208,0.164716826,ymin+(ymax-ymin)/(1.0+(x/K)^n)
B2_BM3R1,NOR,EE2F2B,pBM3R1,AATCCGCGTGATAGGTCTGATTCGTTACCAATTGACGGAATGAACGTTCATTCCGATAATGCTAGC,SarJ,CTGAAGACTGTCGCCGGATGTGTATCCGACCTGACGATGGCCCAAAAGGGCCGAAACAGTCCTCTACAAATAATTTTGTTTAA,B2,CTATGGACTATGTTTTTCAAAGACGAAAAACTACTAG,BM3R1,ATGGAAAGCACCCCGACCAAACAGAAAGCAATTTTTAGCGCAAGCCTGCTGCTGTTTGCAGAACGTGGTTTTGATGCAACCACCATGCCGATGATTGCAGAAAATGCAAAAGTTGGTGCAGGCACCATTTATCGCTATTTCAAAAACAAAGAAAGCCTGGTGAACGAACTGTTTCAGCAGCATGTTAATGAATTTCTGCAGTGTATTGAAAGCGGTCTGGCAAATGAACGTGATGGTTATCGTGATGGCTTTCATCACATTTTTGAAGGTATGGTGACCTTTACCAAAAATCATCCGCGTGCACTGGGTTTTATCAAAACCCATAGCCAGGGCACCTTTCTGACCGAAGAAAGCCGTCTGGCATATCAGAAACTGGTTGAATTTGTGTGCACCTTTTTTCGTGAAGGTCAGAAACAGGGTGTGATTCGTAATCTGCCGGAAAATGCACTGATTGCAATTCTGTTTGGCAGCTTTATGGAAGTGTATGAAATGATCGAGAACGATTATCTGAGCCTGACCGATGAACTGCTGACCGGTGTTGAAGAAAGCCTGTGGGCAGCACTGAGCCGTCAGAGCTAATAA,L3S2P11,CTCGGTACCAAATTCCAGAAAAGAGACGCTTTCGAGCGTCTTTTTTCGTTTTGGTCC,0.5,0.005,0.15,2.9,0.151048616,0.728988942,ymin+(ymax-ymin)/(1.0+(x/K)^n)
B3_BM3R1,NOR,EE2F2B,pBM3R1,AATCCGCGTGATAGGTCTGATTCGTTACCAATTGACGGAATGAACGTTCATTCCGATAATGCTAGC,SarJ,CTGAAGACTGTCGCCGGATGTGTATCCGACCTGACGATGGCCCAAAAGGGCCGAAACAGTCCTCTACAAATAATTTTGTTTAA,B3,CCAAACGAGGCCGGGAGG,BM3R1,ATGGAAAGCACCCCGACCAAACAGAAAGCAATTTTTAGCGCAAGCCTGCTGCTGTTTGCAGAACGTGGTTTTGATGCAACCACCATGCCGATGATTGCAGAAAATGCAAAAGTTGGTGCAGGCACCATTTATCGCTATTTCAAAAACAAAGAAAGCCTGGTGAACGAACTGTTTCAGCAGCATGTTAATGAATTTCTGCAGTGTATTGAAAGCGGTCTGGCAAATGAACGTGATGGTTATCGTGATGGCTTTCATCACATTTTTGAAGGTATGGTGACCTTTACCAAAAATCATCCGCGTGCACTGGGTTTTATCAAAACCCATAGCCAGGGCACCTTTCTGACCGAAGAAAGCCGTCTGGCATATCAGAAACTGGTTGAATTTGTGTGCACCTTTTTTCGTGAAGGTCAGAAACAGGGTGTGATTCGTAATCTGCCGGAAAATGCACTGATTGCAATTCTGTTTGGCAGCTTTATGGAAGTGTATGAAATGATCGAGAACGATTATCTGAGCCTGACCGATGAACTGCTGACCGGTGTTGAAGAAAGCCTGTGGGCAGCACTGAGCCGTCAGAGCTAATAA,L3S2P11,CTCGGTACCAAATTCCAGAAAAGAGACGCTTTCGAGCGTCTTTTTTCGTTTTGGTCC,0.8,0.01,0.26,3.4,0.261943294,0.936422328,ymin+(ymax-ymin)/(1.0+(x/K)^n)
E1_BetI,NOR,5455A4,pBetI,AGCGCGGGTGAGAGGgattcgttaccaatagacaATTgATTGGACGTTCAATATAAtgctagc,RiboJ57,CTGAAGAAGTCAATTAATGTGCTTTTAATTCTGATGAGTCGGTGACGACGAAACTTCCTCTACAAATAATTTTGTTTAA,E1,CCCCCCGAGGAGTAGCAC,BetI,ATGCCGAAACTGGGTATGCAGAGCATTCGTCGTCGTCAGCTGATTGATGCAACCCTGGAAGCAATTAATGAAGTTGGTATGCATGATGCAACCATTGCACAGATTGCACGTCGTGCCGGTGTTAGCACCGGTATTATTAGCCATTATTTCCGCGATAAAAACGGTCTGCTGGAAGCAACCATGCGTGATATTACCAGCCAGCTGCGTGATGCAGTTCTGAATCGTCTGCATGCACTGCCGCAGGGTAGCGCAGAACAGCGTCTGCAGGCAATTGTTGGTGGTAATTTTGATGAAACCCAGGTTAGCAGCGCAGCAATGAAAGCATGGCTGGCATTTTGGGCAAGCAGCATGCATCAGCCGATGCTGTATCGTCTGCAGCAGGTTAGCAGTCGTCGTCTGCTGAGCAATCTGGTTAGCGAATTTCGTCGTGAACTGCCTCGTGAACAGGCACAAGAGGCAGGTTATGGTCTGGCAGCACTGATTGATGGTCTGTGGCTGCGTGCAGCACTGAGCGGTAAACCGCTGGATAAAACCCGTGCAAATAGCCTGACCCGTCATTTTATCACCCAGCATCTGCCGACCGATTAATAA,L3S3P11,CCAATTATTGAACACCCTTCGGGGTGTTTTTTTGTTTCTGGTCTCCC,3.8,0.07,0.41,2.4,0.41646314,2.131948906,ymin+(ymax-ymin)/(1.0+(x/K)^n)
F1_AmeR,NOR,6FCDE1,pAmeR,TCGTCACTAGAGGGCGATAGTGACAAACTTGACAACTCATCACTTCCTAGGTATAATGCTAGC,RiboJ54,CTGAAGGGGTCAGTTGATGTGCTTTCAACTCTGATGAGTCAGTGATGACGAAACCCCCTCTACAAATAATTTTGTTTAA,F1,CTATGGACTATGTTTTCACATACGAGGGGGATTAG,AmeR,ATGAACAAAACCATTGATCAGGTGCGTAAAGGTGATCGTAAAAGCGATCTGCCGGTTCGTCGTCGTCCGCGTCGTAGTGCCGAAGAAACCCGTCGTGATATTCTGGCAAAAGCCGAAGAACTGTTTCGTGAACGTGGTTTTAATGCAGTTGCCATTGCAGATATTGCAAGCGCACTGAATATGAGTCCGGCAAATGTGTTTAAACATTTTAGCAGCAAAAACGCACTGGTTGATGCAATTGGTTTTGGTCAGATTGGTGTTTTTGAACGTCAGATTTGTCCGCTGGATAAAAGCCATGCACCGCTGGATCGTCTGCGTCATCTGGCACGTAATCTGATGGAACAGCATCATCAGGATCATTTCAAACACATACGGGTTTTTATTCAGATCCTGATGACCGCCAAACAGGATATGAAATGTGGCGATTATTACAAAAGCGTGATTGCAAAACTGCTGGCCGAAATTATTCGTGATGGTGTTGAAGCAGGTCTGTATATTGCAACCGATATTCCGGTTCTGGCAGAAACCGTTCTGCATGCACTGACCAGCGTTATTCATCCGGTTCTGATTGCACAAGAAGATATTGGTAATCTGGCAACCCGTTGTGATCAGCTGGTTGATCTGATTGATGCAGGTCTGCGTAATCCGCTGGCAAAATAATAA,L3S3P31,CCAATTATTGAACACCCTAACGGGTGTTTTTTTTTTTTTGGTCTCCC,3.8,0.2,0.09,1.4,0.097441924,0.680980375,ymin+(ymax-ymin)/(1.0+(x/K)^n)
H1_HlyIIR,NOR,8FC73E,pHlyIIR,ACCAGGAATCTGAACgattcgttaccaattgccATATTTAAAATTCTTGTTTAAAatgctagc,RiboJ51,CTGAAGTAGTCACCGGCTGTGCTTGCCGGTCTGATGAGCCTGTGAAGGCGAAACTACCTCTACAAATAATTTTGTTTAA,H1,ACCCCCGAG,HlyIIR,ATGAAATACATCCTGTTTGAGGTGTGCGAAATGGGTAAAAGCCGTGAACAGACCATGGAAAATATTCTGAAAGCAGCCAAAAAGAAATTCGGCGAACGTGGTTATGAAGGCACCAGCATTCAAGAAATTACCAAAGAAGCCAAAGTTAACGTTGCAATGGCCAGCTATTACTTTAATGGCAAAGAGAACCTGTACTACGAGGTGTTCAAAAAATACGGTCTGGCAAATGAACTGCCGAACTTTCTGGAAAAAAACCAGTTTAATCCGATTAATGCCCTGCGTGAATATCTGACCGTTTTTACCACCCACATTAAAGAAAATCCGGAAATTGGCACCCTGGCCTATGAAGAAATTATCAAAGAAAGCGCACGCCTGGAAAAAATCAAACCGTATTTTATCGGCAGCTTCGAACAGCTGAAAGAAATTCTGCAAGAGGGTGAAAAACAGGGTGTGTTTCACTTTTTTAGCATCAACCATACCATCCATTGGATTACCAGCATTGTTCTGTTTCCGAAATTCAAAAAATTCATCGATAGCCTGGGTCCGAATGAAACCAATGATACCAATCATGAATGGATGCCGGAAGATCTGGTTAGCCGTATTATTAGCGCACTGACCGATAAACCGAACATTTAATAA,ECK120033736,aacgcatgagAAAGCCCCCGGAAGATCACCTTCCGGGGGCTTTtttattgcgc,2.5,0.07,0.19,2.6,0.194258377,0.735147282,ymin+(ymax-ymin)/(1.0+(x/K)^n)
I1_IcaRA,NOR,E83C96,pIcaRA,GTCAACTCATAAGATtctgattcgttaccaattgacaaTTCACCTACCTTTCGTTAGgTTAGGTTGT,ElvJ,CTGAagCCCCATAGGGTGGTGTGTACCACCCCTGATGAGTCCAAAAGGACGAAATGGGGcctctacaaataattttgtttaa,I1,ATTGCTATGGACTATGTTTCAAAGTGAGAATACTAG,IcaRA,GTGAAAGACAAAATTATCGATAACGCCATCACCCTGTTTAGCGAAAAAGGTTATGACGGCACCACCCTGGATGATATTGCAAAAAGCGTGAACATCAAAAAAGCCAGCCTGTATTATCACTTTGATAGCAAAAAAAGCATCTACGAGCAGAGCGTTAAATGCTGTTTCGATTATCTGAACAACATCATCATGATGAACCAGAACAAAAGCAACTATAGCATCGATGCCCTGTATCAGTTTCTGTTTGAGTTCATCTTCGATATCGAGGAACGCTATATTCGTATGTATGTTCAGCTGAGCAACACACCGGAAGAATTTTCAGGTAACATTTATGGCCAGATCCAGGATCTGAATCAGAGCCTGAGCAAAGAAATCGCCAAATTCTATGACGAAAGCAAAATCAAAATGACCAAAGAGGACTTCCAGAATCTGATTCTGCTGTTTCTGGAAAGCTGGTATCTGAAAGCCAGCTTTAGCCAGAAATTTGGTGCAGTTGAAGAAAGCAAAAGCCAGTTTAAAGATGAGGTTTATAGCCTGCTGAACATCTTTCTGAAGAAATAATAA,ECK120016170,ACAATTTTCGAAAAAACCCGCTTCGGCGGGTTTTTTTATAGCTAAAA,2.2,0.08,0.1,1.4,0.105541491,1.010814719,ymin+(ymax-ymin)/(1.0+(x/K)^n)
L1_LitR,NOR,9C53A0,pLitR,CGAGCGTAGAGCTTAgattcgttaccaatTGACAAATTTATAAATTGTCAgtacagtcctagc,PlmJ,CTGAAGTCATAAGTCTGGGCTAAGCCCACTGATGAGTCGCTGAAATGCGACGAAACTTATGACCTCTACAAATAATTTTGTTTAA,L1,GTCCTATGGACTTTTTCATACAGGAGAACCCTCG,LitR,ATGGATACCATTCAGAAACGTCCGCGTACCCGTCTGAGTCCGGAAAAACGTAAAGAACAGCTGCTGGATATTGCCATTGAAGTTTTTAGCCAGCGTGGTATTGGTCGTGGTGGTCATGCAGATATTGCAGAAATTGCACAGGTTAGCGTTGCAACCGTGTTTAACTATTTTCCGACCCGTGAAGATCTGGTTGATGATGTTCTGAACAAAGTGGAAAACGAGTTTCACCAGTTCATCAATAACAGCATTAGCCTGGATCTGGATGTTCGTAGCAATCTGAATACCCTGCTGCTGAACATTATTGATAGCGTTCAGACCGGCAACAAATGGATTAAAGTTTGGTTTGAATGGTCAACCAGCACCCGTGATGAAGTTTGGCCTCTGTTTCTGAGCACCCATAGCAATACCAATCAGGTGATCAAAACCATGTTTGAAGAGGGTATTGAACGCAATGAAGTGTGCAATGATCATACACCGGAAAATCTGACCAAAATGCTGCATGGTATTTGCTATAGCGTGTTTATTCAGGCCAATCGTAATAGCAGCAGCGAAGAAATGGAAGAAACCGCAAATTGCTTTCTGAATATGCTGTGCATCTACAAATAATAA,L3S2P24,CTCGGTACCAAATTCCAGAAAAGACACCCGAAAGGGTGTTTTTTCGTTTTGGTCC,4.3,0.07,0.05,1.7,0.050983067,0.552709139,ymin+(ymax-ymin)/(1.0+(x/K)^n)
N1_LmrA,NOR,F04D23,pLmrA,CGCTCATTCACTAGGTCTGATTCGTTACCAATTGACAACTGGTGGTCGAATCAAGATAATAGACCAGTCACTATATTT,RiboJ64,AGGAGTCAATTAATGTGCTTTTAATTCTGATGAGACGGTGACGTCGAAACTCCCTCTACAAATAATTTTGTTTAA,N1,TACGCTATGGACTATGTTTTCTGCTATGGACTATGTTTTCACACACGAGATGCCTCG,LmrA,ATGAGCTATGGTGATAGCCGTGAAAAAATTCTGAGCGCAGCAACCCGTCTGTTTCAGCTGCAGGGTTATTATGGCACCGGTCTGAATCAGATTATCAAAGAAAGCGGTGCACCGAAAGGTAGCCTGTATTATCATTTTCCGGGTGGTAAAGAACAGCTGGCAATTGAAGCAGTGAACGAAATGAAAGAATATATCCGCCAGAAAATCGCCGATTGTATGGAAGCATGTACCGATCCGGCAGAAGGTATTCAGGCATTTCTGAAAGAACTGAGCTGTCAGTTTAGCTGTACCGAAGATATTGAAGGTCTGCCGGTTGGTCTGCTGGCAGCAGAAACCAGCCTGAAAAGCGAACCGCTGCGTGAAGCATGTCATGAAGCATATAAAGAATGGGCCAGCGTGTATGAAGAAAAACTGCGTCAGACCGGTTGTAGCGAAAGCCGTGCAAAAGAAGCAAGCACCGTTGTTAATGCAATGATTGAAGGTGGTATTCTGCTGAGCCTGACCGCAAAAAATAGCACACCGCTGCTGCATATTAGCAGCTGTATTCCGGATCTGCTGAAACGTTAA,ECK120010876,taaggttgaaAAATAAAAACGGCGCTAAAAAGCGCCGTTTTTTTTgacggtggta,2.2,0.2,0.18,2.1,0.19804897,0.512476199,ymin+(ymax-ymin)/(1.0+(x/K)^n)
P1_PhlF,NOR,F9A427,pPhlF,CGACGTACGGTGGAATCTGATTCGTTACCAATTGACATGATACGAAACGTACCGTATCGTTAAGGT,RiboJ53,CTGAAGCGGTCAACGCATGTGCTTTGCGTTCTGATGAGACAGTGATGTCGAAACCGCCTCTACAAATAATTTTGTTTAA,P1,CTATGGACTATGTTTGAAAGGGAGAAATACTAG,PhlF,ATGGCACGTACCCCGAGCCGTAGCAGCATTGGTAGCCTGCGTAGTCCGCATACCCATAAAGCAATTCTGACCAGCACCATTGAAATCCTGAAAGAATGTGGTTATAGCGGTCTGAGCATTGAAAGCGTTGCACGTCGTGCCGGTGCAAGCAAACCGACCATTTATCGTTGGTGGACCAATAAAGCAGCACTGATTGCCGAAGTGTATGAAAATGAAAGCGAACAGGTGCGTAAATTTCCGGATCTGGGTAGCTTTAAAGCCGATCTGGATTTTCTGCTGCGTAATCTGTGGAAAGTTTGGCGTGAAACCATTTGTGGTGAAGCATTTCGTTGTGTTATTGCAGAAGCACAGCTGGACCCTGCAACCCTGACCCAGCTGAAAGATCAGTTTATGGAACGTCGTCGTGAGATGCCGAAAAAACTGGTTGAAAATGCCATTAGCAATGGTGAACTGCCGAAAGATACCAATCGTGAACTGCTGCTGGATATGATTTTTGGTTTTTGTTGGTATCGCCTGCTGACCGAACAGCTGACCGTTGAACAGGATATTGAAGAATTTACCTTCCTGCTGATTAATGGTGTTTGTCCGGGTACACAGCGTTAATAA,ECK120033737,GGAAACACAGAAAAAAGCCCGCACCTGACAGTGCGGGCTTTTTTTTTCGACCAAAGG,3.9,0.01,0.03,4,0.030038585,0.133146326,ymin+(ymax-ymin)/(1.0+(x/K)^n)
P2_PhlF,NOR,F9A427,pPhlF,CGACGTACGGTGGAATCTGATTCGTTACCAATTGACATGATACGAAACGTACCGTATCGTTAAGGT,RiboJ53,CTGAAGCGGTCAACGCATGTGCTTTGCGTTCTGATGAGACAGTGATGTCGAAACCGCCTCTACAAATAATTTTGTTTAA,P2,GGAGCTATGGACTATGTTTGAAAGGCTGAAATACTAG,PhlF,ATGGCACGTACCCCGAGCCGTAGCAGCATTGGTAGCCTGCGTAGTCCGCATACCCATAAAGCAATTCTGACCAGCACCATTGAAATCCTGAAAGAATGTGGTTATAGCGGTCTGAGCATTGAAAGCGTTGCACGTCGTGCCGGTGCAAGCAAACCGACCATTTATCGTTGGTGGACCAATAAAGCAGCACTGATTGCCGAAGTGTATGAAAATGAAAGCGAACAGGTGCGTAAATTTCCGGATCTGGGTAGCTTTAAAGCCGATCTGGATTTTCTGCTGCGTAATCTGTGGAAAGTTTGGCGTGAAACCATTTGTGGTGAAGCATTTCGTTGTGTTATTGCAGAAGCACAGCTGGACCCTGCAACCCTGACCCAGCTGAAAGATCAGTTTATGGAACGTCGTCGTGAGATGCCGAAAAAACTGGTTGAAAATGCCATTAGCAATGGTGAACTGCCGAAAGATACCAATCGTGAACTGCTGCTGGATATGATTTTTGGTTTTTGTTGGTATCGCCTGCTGACCGAACAGCTGACCGTTGAACAGGATATTGAAGAATTTACCTTCCTGCTGATTAATGGTGTTTGTCCGGGTACACAGCGTTAATAA,ECK120033737,GGAAACACAGAAAAAAGCCCGCACCTGACAGTGCGGGCTTTTTTTTTCGACCAAAGG,4.1,0.02,0.13,3.9,0.130327211,0.507702151,ymin+(ymax-ymin)/(1.0+(x/K)^n)
P3_PhlF,NOR,F9A427,pPhlF,CGACGTACGGTGGAAtctgattcgttaccaattgacATGATACGAAACGTACCGTATCGTTAAGGT,RiboJ53,CTGAAGCGGTCAACGCATGTGCTTTGCGTTCTGATGAGACAGTGATGTCGAAACCGCCTCTACAAATAATTTTGTTTAA,P3,CTTTACGAGGGCGATCCT,PhlF,ATGGCACGTACCCCGAGCCGTAGCAGCATTGGTAGCCTGCGTAGTCCGCATACCCATAAAGCAATTCTGACCAGCACCATTGAAATCCTGAAAGAATGTGGTTATAGCGGTCTGAGCATTGAAAGCGTTGCACGTCGTGCCGGTGCAAGCAAACCGACCATTTATCGTTGGTGGACCAATAAAGCAGCACTGATTGCCGAAGTGTATGAAAATGAAAGCGAACAGGTGCGTAAATTTCCGGATCTGGGTAGCTTTAAAGCCGATCTGGATTTTCTGCTGCGTAATCTGTGGAAAGTTTGGCGTGAAACCATTTGTGGTGAAGCATTTCGTTGTGTTATTGCAGAAGCACAGCTGGACCCTGCAACCCTGACCCAGCTGAAAGATCAGTTTATGGAACGTCGTCGTGAGATGCCGAAAAAACTGGTTGAAAATGCCATTAGCAATGGTGAACTGCCGAAAGATACCAATCGTGAACTGCTGCTGGATATGATTTTTGGTTTTTGTTGGTATCGCCTGCTGACCGAACAGCTGACCGTTGAACAGGATATTGAAGAATTTACCTTCCTGCTGATTAATGGTGTTTGTCCGGGTACACAGCGTTAATAA,ECK120033737,ggaaacacagAAAAAAGCCCGCACCTGACAGTGCGGGCTTTTTTTTTcgaccaaagg,6.8,0.02,0.23,4.2,0.230323307,0.920133536,ymin+(ymax-ymin)/(1.0+(x/K)^n)
Q1_QacR,NOR,66BC46,pQacR,GGTATGGAAGCTATACGTTACCAATTGACAGCTAGCTCAGTCCTACTTTAGTATATAGACCGTGCGATCGGTCTATA,RiboJ60,CTGAAGTCGTCAAGTGCTGTGCTTGCACTTCTGATGAGGCAGTGATGCCGAAACGACCTCTACAAATAATTTTGTTTAA,Q1,GTAAGCCATGCCATTGGCTTTTGATAGAGGATAACTACTAG,QacR,ATGAACCTGAAAGATAAAATTCTGGGCGTTGCCAAAGAACTGTTTATCAAAAATGGCTATAACGCAACCACCACCGGTGAAATTGTTAAACTGAGCGAAAGCAGCAAAGGCAATCTGTATTATCACTTTAAAACCAAAGAGAACCTGTTTCTGGAAATCCTGAACATCGAAGAAAGCAAATGGCAAGAGCAGTGGAAAAAAGAACAAATCAAATGCAAAACCAACCGCGAGAAATTCTATCTGTATAATGAACTGAGCCTGACCACCGAATATTACTATCCGCTGCAGAATGCCATCATCGAGTTTTATACCGAGTACTATAAAACCAACAGCATCAACGAGAAAATGAACAAACTGGAAAACAAATACATCGATGCCTACCACGTGATCTTTAAAGAAGGTAATCTGAACGGCGAATGGTGCATTAATGATGTTAATGCCGTGAGCAAAATTGCAGCAAATGCCGTTAATGGCATTGTTACCTTTACCCATGAGCAGAATATCAACGAACGCATTAAACTGATGAACAAATTCAGCCAGATCTTTCTGAATGGCCTGAGCAAATAATAA,ECK120010818,GTCAGTTTCACCTGTTTTACGTAAAAACCCGCTTCGGCGGGTTTTTACTTTTGG,2.4,0.01,0.05,2.7,0.050155208,0.379475457,ymin+(ymax-ymin)/(1.0+(x/K)^n)
Q2_QacR,NOR,66BC46,pQacR,ggtatggaagctatacgttaccaattgacagctagctcagtccTACTTTAGTATATAGACCGTGCGATCGGTCTATA,RiboJ60,CTGAAGTCGTCAAGTGCTGTGCTTGCACTTCTGATGAGGCAGTGATGCCGAAACGACCTCTACAAATAATTTTGTTTAA,Q2,GCCATGCCATTGGCTTTTGATAGAGGACAACTACTAG,QacR,ATGAACCTGAAAGATAAAATTCTGGGCGTTGCCAAAGAACTGTTTATCAAAAATGGCTATAACGCAACCACCACCGGTGAAATTGTTAAACTGAGCGAAAGCAGCAAAGGCAATCTGTATTATCACTTTAAAACCAAAGAGAACCTGTTTCTGGAAATCCTGAACATCGAAGAAAGCAAATGGCAAGAGCAGTGGAAAAAAGAACAAATCAAATGCAAAACCAACCGCGAGAAATTCTATCTGTATAATGAACTGAGCCTGACCACCGAATATTACTATCCGCTGCAGAATGCCATCATCGAGTTTTATACCGAGTACTATAAAACCAACAGCATCAACGAGAAAATGAACAAACTGGAAAACAAATACATCGATGCCTACCACGTGATCTTTAAAGAAGGTAATCTGAACGGCGAATGGTGCATTAATGATGTTAATGCCGTGAGCAAAATTGCAGCAAATGCCGTTAATGGCATTGTTACCTTTACCCATGAGCAGAATATCAACGAACGCATTAAACTGATGAACAAATTCAGCCAGATCTTTCTGAATGGCCTGAGCAAATAATAA,ECK120010818,GTCAGTTTCACCTGTTTTACGTAAAAACCCGCTTCGGCGGGTTTTTACTTTTGG,2.8,0.03,0.21,2.4,0.21190396,1.377679427,ymin+(ymax-ymin)/(1.0+(x/K)^n)
R1_PsrA,NOR,C24B9C,pPsrA,TGATCGAACGCTTCAAGGAACAAACGTTTGAttgacagctagctcagtcctaggtagagtgctagc,ScmJ,agCGCTGTCTGTACTTGTATCAGTACACTGACGAGTCCCTAAAGGACGAAACACCGcctctacaaataattttgtttaa,R1,TTTAATTCGCGGAAGCGCAGAGATAAGGGGTATC,PsrA,ATGGCACAGAGCGAAACCGTTGAACGTATTCTGGATGCAGCAGAACAGCTGTTTGCAGAACGTGGTTTTGCAGAAACCAGCCTGCGTCTGATTACCAGCAAAGCCGGTGTTAATCTGGCAGCAGTGAATTATCATTTTGGCAGCAAAAAAGCACTGATTCAGGCAGTTTTTAGCCGTTTTCTGGGTCCGTTTTGTGCAAGCCTGGAACGTGAACTGGAACGTCGTCAGGCACGTCCGGAACAGAAACCGAGCCTGGAAGAACTGCTGGAAATGCTGGTTGAACAGGCACTGGCAGTTCAGCCTCGTAGCAATAATGATCTGAGCATTTTTATGTGTCTGCTGGGTCTGGCATTTAGCCAGAGCCAGGGTCATCTGCGTCGTTATCTGGAAGATATGTATGGTAAAGTGTTCCGTCGTTATATGCTGCTGGTTAATGAAGCAGCACCGCGTGTTCCGCCTCTGGAACTGTTTTGGCGTGTTCATTTTATGCTGGGTGCAGCAGCATTTAGCATGAGCGGTATTAAAGCACTGCGTGCAATTGCAGAAACCGATTTTGGTATTAACACCAGCATTGAACAGGTTATGCGTCTGATGGTTCCGTTTCTGGCAGCAGGTATGCGTGCAGATAGCGGTGTTACCGATGAAGCAATGGCAGCAGCACAGCTGCGTCCGCGTAGCAAAACCAGCACCAGCGCAACCACCGCAAAAGCATAA,ECK120015440,tccggcaattAAAAAAGCGGCTAACCACGCCGCTTTTTTtacgtctgca,5.9,0.2,0.19,1.8,0.197556859,1.197796047,ymin+(ymax-ymin)/(1.0+(x/K)^n)
S1_SrpR,NOR,6838,pSrpR,TCTATGATTGGTCCAgattcgttaccaattgacagctagctcagtcctaggtATATACATACATGCTTGTTTGTTTGTAAAC,RiboJ10,CTGAAGCGCTCAACGGGTGTGCTTCCCGTTCTGATGAGTCCGTGAGGACGAAAGCGCCTCTACAAATAATTTTGTTTAA,S1,GAGTCTATGGACTATGTTTTCACATATGAGATACCAGG,SrpR,ATGGCACGTAAAACCGCAGCAGAAGCAGAAGAAACCCGTCAGCGTATTATTGATGCAGCACTGGAAGTTTTTGTTGCACAGGGTGTTAGTGATGCAACCCTGGATCAGATTGCACGTAAAGCCGGTGTTACCCGTGGTGCAGTTTATTGGCATTTTAATGGTAAACTGGAAGTTCTGCAGGCAGTTCTGGCAAGCCGTCAGCATCCGCTGGAACTGGATTTTACACCGGATCTGGGTATTGAACGTAGCTGGGAAGCAGTTGTTGTTGCAATGCTGGATGCAGTTCATAGTCCGCAGAGCAAACAGTTTAGCGAAATTCTGATTTATCAGGGTCTGGATGAAAGCGGTCTGATTCATAATCGTATGGTTCAGGCAAGCGATCGTTTTCTGCAGTATATTCATCAGGTTCTGCGTCATGCAGTTACCCAGGGTGAACTGCCGATTAATCTGGATCTGCAGACCAGCATTGGTGTTTTTAAAGGTCTGATTACCGGTCTGCTGTATGAAGGTCTGCGTAGCAAAGATCAGCAGGCACAGATTATCAAAGTTGCACTGGGTAGCTTTTGGGCACTGCTGCGTGAACCGCCTCGTTTTCTGCTGTGTGAAGAAGCACAGATTAAACAGGTGAAATCCTTCGAATAATAA,ECK120019600,TTCAGCCAAAAAACTTAAGACCGCCGGTCTTGTCCACTACCTTGCAGTAATGCGGTGGACAGGATCGGCGGTTTTCTTTTCTCTTCTCAA,1.3,0.003,0.01,2.9,0.010015965,0.08101328,ymin+(ymax-ymin)/(1.0+(x/K)^n)
S2_SrpR,NOR,6838,pSrpR,TCTATGATTGGTCCAGATTCGTTACCAATTGACAGCTAGCTCAGTCCTAGGTATATACATACATGCTTGTTTGTTTGTAAAC,RiboJ10,CTGAAGCGCTCAACGGGTGTGCTTCCCGTTCTGATGAGTCCGTGAGGACGAAAGCGCCTCTACAAATAATTTTGTTTAA,S2,CTATGGACTATGTTTTCACACAGGAAATACCAGG,SrpR,ATGGCACGTAAAACCGCAGCAGAAGCAGAAGAAACCCGTCAGCGTATTATTGATGCAGCACTGGAAGTTTTTGTTGCACAGGGTGTTAGTGATGCAACCCTGGATCAGATTGCACGTAAAGCCGGTGTTACCCGTGGTGCAGTTTATTGGCATTTTAATGGTAAACTGGAAGTTCTGCAGGCAGTTCTGGCAAGCCGTCAGCATCCGCTGGAACTGGATTTTACACCGGATCTGGGTATTGAACGTAGCTGGGAAGCAGTTGTTGTTGCAATGCTGGATGCAGTTCATAGTCCGCAGAGCAAACAGTTTAGCGAAATTCTGATTTATCAGGGTCTGGATGAAAGCGGTCTGATTCATAATCGTATGGTTCAGGCAAGCGATCGTTTTCTGCAGTATATTCATCAGGTTCTGCGTCATGCAGTTACCCAGGGTGAACTGCCGATTAATCTGGATCTGCAGACCAGCATTGGTGTTTTTAAAGGTCTGATTACCGGTCTGCTGTATGAAGGTCTGCGTAGCAAAGATCAGCAGGCACAGATTATCAAAGTTGCACTGGGTAGCTTTTGGGCACTGCTGCGTGAACCGCCTCGTTTTCTGCTGTGTGAAGAAGCACAGATTAAACAGGTGAAATCCTTCGAATAATAA,ECK120029600,TTCAGCCAAAAAACTTAAGACCGCCGGTCTTGTCCACTACCTTGCAGTAATGCGGTGGACAGGATCGGCGGTTTTCTTTTCTCTTCTCAA,2.1,0.003,0.04,2.6,0.040044043,0.49642145,ymin+(ymax-ymin)/(1.0+(x/K)^n)
S3_SrpR,NOR,6838,pSrpR,TCTATGATTGGTCCAGATTCGTTACCAATTGACAGCTAGCTCAGTCCTAGGTATATACATACATGCTTGTTTGTTTGTAAAC,RiboJ10,CTGAAGCGCTCAACGGGTGTGCTTCCCGTTCTGATGAGTCCGTGAGGACGAAAGCGCCTCTACAAATAATTTTGTTTAA,S3,GAGTCTATGGACTATGTTTTCACAGAGGAGGTACCAGG,SrpR,ATGGCACGTAAAACCGCAGCAGAAGCAGAAGAAACCCGTCAGCGTATTATTGATGCAGCACTGGAAGTTTTTGTTGCACAGGGTGTTAGTGATGCAACCCTGGATCAGATTGCACGTAAAGCCGGTGTTACCCGTGGTGCAGTTTATTGGCATTTTAATGGTAAACTGGAAGTTCTGCAGGCAGTTCTGGCAAGCCGTCAGCATCCGCTGGAACTGGATTTTACACCGGATCTGGGTATTGAACGTAGCTGGGAAGCAGTTGTTGTTGCAATGCTGGATGCAGTTCATAGTCCGCAGAGCAAACAGTTTAGCGAAATTCTGATTTATCAGGGTCTGGATGAAAGCGGTCTGATTCATAATCGTATGGTTCAGGCAAGCGATCGTTTTCTGCAGTATATTCATCAGGTTCTGCGTCATGCAGTTACCCAGGGTGAACTGCCGATTAATCTGGATCTGCAGACCAGCATTGGTGTTTTTAAAGGTCTGATTACCGGTCTGCTGTATGAAGGTCTGCGTAGCAAAGATCAGCAGGCACAGATTATCAAAGTTGCACTGGGTAGCTTTTGGGCACTGCTGCGTGAACCGCCTCGTTTTCTGCTGTGTGAAGAAGCACAGATTAAACAGGTGAAATCCTTCGAATAATAA,ECK120029600,TTCAGCCAAAAAACTTAAGACCGCCGGTCTTGTCCACTACCTTGCAGTAATGCGGTGGACAGGATCGGCGGTTTTCTTTTCTCTTCTCAA,2.1,0.004,0.06,2.8,0.060081844,0.561105739,ymin+(ymax-ymin)/(1.0+(x/K)^n)
S4_SrpR,NOR,6838,pSrpR,TCTATGATTGGTCCAGATTCGTTACCAATTGACAGCTAGCTCAGTCCTAGGTATATACATACATGCTTGTTTGTTTGTAAAC,RiboJ10,CTGAAGCGCTCAACGGGTGTGCTTCCCGTTCTGATGAGTCCGTGAGGACGAAAGCGCCTCTACAAATAATTTTGTTTAA,S4,GAGTCTATGGACTATGTTTTCACAAAGGAAGTACCAGG,SrpR,ATGGCACGTAAAACCGCAGCAGAAGCAGAAGAAACCCGTCAGCGTATTATTGATGCAGCACTGGAAGTTTTTGTTGCACAGGGTGTTAGTGATGCAACCCTGGATCAGATTGCACGTAAAGCCGGTGTTACCCGTGGTGCAGTTTATTGGCATTTTAATGGTAAACTGGAAGTTCTGCAGGCAGTTCTGGCAAGCCGTCAGCATCCGCTGGAACTGGATTTTACACCGGATCTGGGTATTGAACGTAGCTGGGAAGCAGTTGTTGTTGCAATGCTGGATGCAGTTCATAGTCCGCAGAGCAAACAGTTTAGCGAAATTCTGATTTATCAGGGTCTGGATGAAAGCGGTCTGATTCATAATCGTATGGTTCAGGCAAGCGATCGTTTTCTGCAGTATATTCATCAGGTTCTGCGTCATGCAGTTACCCAGGGTGAACTGCCGATTAATCTGGATCTGCAGACCAGCATTGGTGTTTTTAAAGGTCTGATTACCGGTCTGCTGTATGAAGGTCTGCGTAGCAAAGATCAGCAGGCACAGATTATCAAAGTTGCACTGGGTAGCTTTTGGGCACTGCTGCGTGAACCGCCTCGTTTTCTGCTGTGTGAAGAAGCACAGATTAAACAGGTGAAATCCTTCGAATAATAA,ECK120029600,TTCAGCCAAAAAACTTAAGACCGCCGGTCTTGTCCACTACCTTGCAGTAATGCGGTGGACAGGATCGGCGGTTTTCTTTTCTCTTCTCAA,2.1,0.007,0.1,2.8,0.100239178,0.764977507,ymin+(ymax-ymin)/(1.0+(x/K)^n)