"id","name","type","promoter","promoterDNA","insulator","insulatorDNA","rbs","rbsDNA","cds","cdsDNA","terminator","terminatorDNA","pmax","pmin","Kd","n","low_margin","high_margin"
1,"NOR_an1-AmtR","NOR","pAmtR","CTTGTCCAACCAAATGATTCGTTACCAATTGACAGTTTCTATCGATCTATAGATAATGCTAGC","BydvJ","CTGAAGGGTGTCTCAAGGTGCGTACCTTGACTGATGAGTCCGAAAGGACGAAACACCCCTCTACAAATAATTTTGTTTAA","an1_amtr","AATGTTCCCTAATAATCAGCAAAGAGGTTACTAG","AmtR","ATGGCAGGCGCAGTTGGTCGTCCGCGTCGTAGTGCACCGCGTCGTGCAGGTAAAAATCCGCGTGAAGAAATTCTGGATGCAAGCGCAGAACTGTTTACCCGTCAGGGTTTTGCAACCACCAGTACCCATCAGATTGCAGATGCAGTTGGTATTCGTCAGGCAAGCCTGTATTATCATTTTCCGAGCAAAACCGAAATCTTTCTGACCCTGCTGAAAAGCACCGTTGAACCGAGCACCGTTCTGGCAGAAGATCTGAGCACCCTGGATGCAGGTCCGGAAATGCGTCTGTGGGCAATTGTTGCAAGCGAAGTTCGTCTGCTGCTGAGCACCAAATGGAATGTTGGTCGTCTGTATCAGCTGCCGATTGTTGGTAGCGAAGAATTTGCAGAATATCATAGCCAGCGTGAAGCACTGACCAATGTTTTTCGTGATCTGGCAACCGAAATTGTTGGTGATGATCCGCGTGCAGAACTGCCGTTTCATATTACCATGAGCGTTATTGAAATGCGTCGCAATGATGGTAAAATTCCGAGTCCGCTGAGCGCAGATAGCCTGCCGGAAACCGCAATTATGCTGGCAGATGCAAGCCTGGCAGTTCTGGGTGCACCGCTGCCTGCAGATCGTGTTGAAAAAACCCTGGAACTGATTAAACAGGCAGATGCAAAATAATAA","L3S2P55","CTCGGTACCAAAGACGAACAATAAGACGCTGAAAAGCGTCTTTTTTCGTTTTGGTCC",13.18696,0.316394,0.169953,1.319126,0.177828,2.78612
2,"NOR_an2-BetI","NOR","pBetI","AGCGCGGGTGAGAGGGATTCGTTACCAATTGACAATTGATTGGACGTTCAATATAATGCTAGC","RiboJ57","CTGAAGAAGTCAATTAATGTGCTTTTAATTCTGATGAGTCGGTGACGACGAAACTTCCTCTACAAATAATTTTGTTTAA","an2_beti","GCTACGACTTGCTCATTTGACAGAGGATAACTACTA","BetI","GTGCCGAAACTGGGTATGCAGAGCATTCGTCGTCGTCAGCTGATTGATGCAACCCTGGAAGCAATTAATGAAGTTGGTATGCATGATGCAACCATTGCACAGATTGCACGTCGTGCCGGTGTTAGCACCGGTATTATTAGCCATTATTTCCGCGATAAAAACGGTCTGCTGGAAGCAACCATGCGTGATATTACCAGCCAGCTGCGTGATGCAGTTCTGAATCGTCTGCATGCACTGCCGCAGGGTAGCGCAGAACAGCGTCTGCAGGCAATTGTTGGTGGTAATTTTGATGAAACCCAGGTTAGCAGCGCAGCAATGAAAGCATGGCTGGCATTTTGGGCAAGCAGCATGCATCAGCCGATGCTGTATCGTCTGCAGCAGGTTAGCAGTCGTCGTCTGCTGAGCAATCTGGTTAGCGAATTTCGTCGTGAACTGCCTCGTGAACAGGCACAAGAGGCAGGTTATGGTCTGGCAGCACTGATTGATGGTCTGTGGCTGCGTGCAGCACTGAGCGGTAAACCGCTGGATAAAACCCGTGCAAATAGCCTGACCCGTCATTTTATCACCCAGCATCTGCCGACCGATTAATAA","BBa_B0010","CCAGGCATCAAATAAAACGAAAGGCTCAGTCGAAAGACTGGGCCTTTCGTTTTATCTGTTGTTTGTCGGTGAACGCTCTC",17.43681,1.756201,2.54833,2.633021,2.78612,5.62341
3,"NOR_an0-BM3R1","NOR","pBM3R1","AATCCGCGTGATAGGTCTGATTCGTTACCAATTGACGGAATGAACGTTCATTCCGATAATGCTAGC","SarJ","CTGAAGACTGTCGCCGGATGTGTATCCGACCTGACGATGGCCCAAAAGGGCCGAAACAGTCCTCTACAAATAATTTTGTTTAA","an0_bm3r1","CTATGGACTATGTTTTAACTACTAG","BM3R1","ATGGAAAGCACCCCGACCAAACAGAAAGCAATTTTTAGCGCAAGCCTGCTGCTGTTTGCAGAACGTGGTTTTGATGCAACCACCATGCCGATGATTGCAGAAAATGCAAAAGTTGGTGCAGGCACCATTTATCGCTATTTCAAAAACAAAGAAAGCCTGGTGAACGAACTGTTTCAGCAGCATGTTAATGAATTTCTGCAGTGTATTGAAAGCGGTCTGGCAAATGAACGTGATGGTTATCGTGATGGCTTTCATCACATTTTTGAAGGTATGGTGACCTTTACCAAAAATCATCCGCGTGCACTGGGTTTTATCAAAACCCATAGCCAGGGCACCTTTCTGACCGAAGAAAGCCGTCTGGCATATCAGAAACTGGTTGAATTTGTGTGCACCTTTTTTCGTGAAGGTCAGAAACAGGGTGTGATTCGTAATCTGCCGGAAAATGCACTGATTGCAATTCTGTTTGGCAGCTTTATGGAAGTGTATGAAATGATCGAGAACGATTATCTGAGCCTGACCGATGAACTGCTGACCGGTGTTGAAGAAAGCCTGTGGGCAGCACTGAGCCGTCAGAGCTAATAA","L3S2P11","CTCGGTACCAAATTCCAGAAAAGAGACGCTTTCGAGCGTCTTTTTTCGTTTTGGTCC",2.055972,0.01804,0.165888,3.377049,0.16788,0.676083
4,"NOR_an1-BM3R1","NOR","pBM3R1","AATCCGCGTGATAGGTCTGATTCGTTACCAATTGACGGAATGAACGTTCATTCCGATAATGCTAGC","SarJ","CTGAAGACTGTCGCCGGATGTGTATCCGACCTGACGATGGCCCAAAAGGGCCGAAACAGTCCTCTACAAATAATTTTGTTTAA","an1_bm3r1","CTATGGACTATGTTTTTCAAAGACGAAAAACTACTAG","BM3R1","ATGGAAAGCACCCCGACCAAACAGAAAGCAATTTTTAGCGCAAGCCTGCTGCTGTTTGCAGAACGTGGTTTTGATGCAACCACCATGCCGATGATTGCAGAAAATGCAAAAGTTGGTGCAGGCACCATTTATCGCTATTTCAAAAACAAAGAAAGCCTGGTGAACGAACTGTTTCAGCAGCATGTTAATGAATTTCTGCAGTGTATTGAAAGCGGTCTGGCAAATGAACGTGATGGTTATCGTGATGGCTTTCATCACATTTTTGAAGGTATGGTGACCTTTACCAAAAATCATCCGCGTGCACTGGGTTTTATCAAAACCCATAGCCAGGGCACCTTTCTGACCGAAGAAAGCCGTCTGGCATATCAGAAACTGGTTGAATTTGTGTGCACCTTTTTTCGTGAAGGTCAGAAACAGGGTGTGATTCGTAATCTGCCGGAAAATGCACTGATTGCAATTCTGTTTGGCAGCTTTATGGAAGTGTATGAAATGATCGAGAACGATTATCTGAGCCTGACCGATGAACTGCTGACCGGTGTTGAAGAAAGCCTGTGGGCAGCACTGAGCCGTCAGAGCTAATAA","L3S2P11","CTCGGTACCAAATTCCAGAAAAGAGACGCTTTCGAGCGTCTTTTTTCGTTTTGGTCC",2.168494,0.019056,0.627955,2.945651,0.638263,3.12608
5,"NOR_an2-LitR","NOR","pLitR","CGAGCGTAGAGCTTAGATTCGTTACCAATTGACAAATTTATAAATTGTCAGTATAATGCTAGC","PlmJ","CTGAAGTCATAAGTCTGGGCTAAGCCCACTGATGAGTCGCTGAAATGCGACGAAACTTATGACCTCTACAAATAATTTTGTTTAA","an2_litr","GTCCTATGGACTTTTTCATACAGGAGAACCCTCG","LitR","ATGGATACCATTCAGAAACGTCCGCGTACCCGTCTGAGTCCGGAAAAACGTAAAGAACAGCTGCTGGATATTGCCATTGAAGTTTTTAGCCAGCGTGGTATTGGTCGTGGTGGTCATGCAGATATTGCAGAAATTGCACAGGTTAGCGTTGCAACCGTGTTTAACTATTTTCCGACCCGTGAAGATCTGGTTGATGATGTTCTGAACAAAGTGGAAAACGAGTTTCACCAGTTCATCAATAACAGCATTAGCCTGGATCTGGATGTTCGTAGCAATCTGAATACCCTGCTGCTGAACATTATTGATAGCGTTCAGACCGGCAACAAATGGATTAAAGTTTGGTTTGAATGGTCAACCAGCACCCGTGATGAAGTTTGGCCTCTGTTTCTGAGCACCCATAGCAATACCAATCAGGTGATCAAAACCATGTTTGAAGAGGGTATTGAACGCAATGAAGTGTGCAATGATCATACACCGGAAAATCTGACCAAAATGCTGCATGGTATTTGCTATAGCGTGTTTATTCAGGCCAATCGTAATAGCAGCAGCGAAGAAATGGAAGAAACCGCAAATTGCTTTCTGAATATGCTGTGCATCTACAAATAATAA","L3S2P24","CTCGGTACCAAATTCCAGAAAAGACACCCGAAAGGGTGTTTTTTCGTTTTGGTCC",10.20081,0.263379,0.138481,1.542546,0.144544,1.44544
6,"NOR_an0-PhlF","NOR","pPhlF","CGACGTACGGTGGAATCTGATTCGTTACCAATTGACATGATACGAAACGTACCGTATCGTTAAGGT","RiboJ53","CTGAAGCGGTCAACGCATGTGCTTTGCGTTCTGATGAGACAGTGATGTCGAAACCGCCTCTACAAATAATTTTGTTTAA","an0_phlf","CTATGGACTATGTTTGAAAGGGAGAAATACTAG","PhlF","ATGGCACGTACCCCGAGCCGTAGCAGCATTGGTAGCCTGCGTAGTCCGCATACCCATAAAGCAATTCTGACCAGCACCATTGAAATCCTGAAAGAATGTGGTTATAGCGGTCTGAGCATTGAAAGCGTTGCACGTCGTGCCGGTGCAAGCAAACCGACCATTTATCGTTGGTGGACCAATAAAGCAGCACTGATTGCCGAAGTGTATGAAAATGAAAGCGAACAGGTGCGTAAATTTCCGGATCTGGGTAGCTTTAAAGCCGATCTGGATTTTCTGCTGCGTAATCTGTGGAAAGTTTGGCGTGAAACCATTTGTGGTGAAGCATTTCGTTGTGTTATTGCAGAAGCACAGCTGGACCCTGCAACCCTGACCCAGCTGAAAGATCAGTTTATGGAACGTCGTCGTGAGATGCCGAAAAAACTGGTTGAAAATGCCATTAGCAATGGTGAACTGCCGAAAGATACCAATCGTGAACTGCTGCTGGATATGATTTTTGGTTTTTGTTGGTATCGCCTGCTGACCGAACAGCTGACCGTTGAACAGGATATTGAAGAATTTACCTTCCTGCTGATTAATGGTGTTTGTCCGGGTACACAGCGTTAATAA","ECK120033737","GGAAACACAGAAAAAAGCCCGCACCTGACAGTGCGGGCTTTTTTTTTCGACCAAAGG",16.28852,0.061101,0.115825,4.031351,0.116145,0.462381
7,"NOR_an1-PhlF","NOR","pPhlF","CGACGTACGGTGGAATCTGATTCGTTACCAATTGACATGATACGAAACGTACCGTATCGTTAAGGT","RiboJ53","CTGAAGCGGTCAACGCATGTGCTTTGCGTTCTGATGAGACAGTGATGTCGAAACCGCCTCTACAAATAATTTTGTTTAA","an1_phlf","GGAGCTATGGACTATGTTTGAAAGGCTGAAATACTAG","PhlF","ATGGCACGTACCCCGAGCCGTAGCAGCATTGGTAGCCTGCGTAGTCCGCATACCCATAAAGCAATTCTGACCAGCACCATTGAAATCCTGAAAGAATGTGGTTATAGCGGTCTGAGCATTGAAAGCGTTGCACGTCGTGCCGGTGCAAGCAAACCGACCATTTATCGTTGGTGGACCAATAAAGCAGCACTGATTGCCGAAGTGTATGAAAATGAAAGCGAACAGGTGCGTAAATTTCCGGATCTGGGTAGCTTTAAAGCCGATCTGGATTTTCTGCTGCGTAATCTGTGGAAAGTTTGGCGTGAAACCATTTGTGGTGAAGCATTTCGTTGTGTTATTGCAGAAGCACAGCTGGACCCTGCAACCCTGACCCAGCTGAAAGATCAGTTTATGGAACGTCGTCGTGAGATGCCGAAAAAACTGGTTGAAAATGCCATTAGCAATGGTGAACTGCCGAAAGATACCAATCGTGAACTGCTGCTGGATATGATTTTTGGTTTTTGTTGGTATCGCCTGCTGACCGAACAGCTGACCGTTGAACAGGATATTGAAGAATTTACCTTCCTGCTGATTAATGGTGTTTGTCCGGGTACACAGCGTTAATAA","ECK120033737","GGAAACACAGAAAAAAGCCCGCACCTGACAGTGCGGGCTTTTTTTTTCGACCAAAGG",17.22043,0.073805,0.560868,3.876935,0.562341,2.29087
8,"NOR_an2-QacR","NOR","pQacR","GGTATGGAAGCTATACGTTACCAATTGACAGCTAGCTCAGTCCTACTTTAGTATATAGACCGTGCGATCGGTCTATA","RiboJ60","CTGAAGTCGTCAAGTGCTGTGCTTGCACTTCTGATGAGGCAGTGATGCCGAAACGACCTCTACAAATAATTTTGTTTAA","an2_qacr","GTAAGCCATGCCATTGGCTTTTGATAGAGGATAACTACTAG","QacR","ATGAACCTGAAAGATAAAATTCTGGGCGTTGCCAAAGAACTGTTTATCAAAAATGGCTATAACGCAACCACCACCGGTGAAATTGTTAAACTGAGCGAAAGCAGCAAAGGCAATCTGTATTATCACTTTAAAACCAAAGAGAACCTGTTTCTGGAAATCCTGAACATCGAAGAAAGCAAATGGCAAGAGCAGTGGAAAAAAGAACAAATCAAATGCAAAACCAACCGCGAGAAATTCTATCTGTATAATGAACTGAGCCTGACCACCGAATATTACTATCCGCTGCAGAATGCCATCATCGAGTTTTATACCGAGTACTATAAAACCAACAGCATCAACGAGAAAATGAACAAACTGGAAAACAAATACATCGATGCCTACCACGTGATCTTTAAAGAAGGTAATCTGAACGGCGAATGGTGCATTAATGATGTTAATGCCGTGAGCAAAATTGCAGCAAATGCCGTTAATGGCATTGTTACCTTTACCCATGAGCAGAATATCAACGAACGCATTAAACTGATGAACAAATTCAGCCAGATCTTTCTGAATGGCCTGAGCAAATAATAA","ECK120010818","GTCAGTTTCACCTGTTTTACGTAAAAACCCGCTTCGGCGGGTTTTTACTTTTGG",10.30179,0.052934,0.229763,2.687793,0.231739,1.64059
9,"NOR_an0-SrpR","NOR","pSrpR","TCTATGATTGGTCCAGATTCGTTACCAATTGACAGCTAGCTCAGTCCTAGGTATATACATACATGCTTGTTTGTTTGTAAAC","RiboJ10","CTGAAGCGCTCAACGGGTGTGCTTCCCGTTCTGATGAGTCCGTGAGGACGAAAGCGCCTCTACAAATAATTTTGTTTAA","an0_srpr","CTATGGACTATGTTTTCACACAGGAAATACCAGG","SrpR","ATGGCACGTAAAACCGCAGCAGAAGCAGAAGAAACCCGTCAGCGTATTATTGATGCAGCACTGGAAGTTTTTGTTGCACAGGGTGTTAGTGATGCAACCCTGGATCAGATTGCACGTAAAGCCGGTGTTACCCGTGGTGCAGTTTATTGGCATTTTAATGGTAAACTGGAAGTTCTGCAGGCAGTTCTGGCAAGCCGTCAGCATCCGCTGGAACTGGATTTTACACCGGATCTGGGTATTGAACGTAGCTGGGAAGCAGTTGTTGTTGCAATGCTGGATGCAGTTCATAGTCCGCAGAGCAAACAGTTTAGCGAAATTCTGATTTATCAGGGTCTGGATGAAAGCGGTCTGATTCATAATCGTATGGTTCAGGCAAGCGATCGTTTTCTGCAGTATATTCATCAGGTTCTGCGTCATGCAGTTACCCAGGGTGAACTGCCGATTAATCTGGATCTGCAGACCAGCATTGGTGTTTTTAAAGGTCTGATTACCGGTCTGCTGTATGAAGGTCTGCGTAGCAAAGATCAGCAGGCACAGATTATCAAAGTTGCACTGGGTAGCTTTTGGGCACTGCTGCGTGAACCGCCTCGTTTTCTGCTGTGTGAAGAAGCACAGATTAAACAGGTGAAATCCTTCGAATAATAA","ECK120029600","TTCAGCCAAAAAACTTAAGACCGCCGGTCTTGTCCACTACCTTGCAGTAATGCGGTGGACAGGATCGGCGGTTTTCTTTTCTCTTCTCAA",8.821696,0.030248,0.415826,2.809881,0.416869,3.16228
10,"NOR_an1-SrpR","NOR","pSrpR","TCTATGATTGGTCCAGATTCGTTACCAATTGACAGCTAGCTCAGTCCTAGGTATATACATACATGCTTGTTTGTTTGTAAAC","RiboJ10","CTGAAGCGCTCAACGGGTGTGCTTCCCGTTCTGATGAGTCCGTGAGGACGAAAGCGCCTCTACAAATAATTTTGTTTAA","an1_srpr","GAGTCTATGGACTATGTTTTCACAGAGGAGGTACCAGG","SrpR","ATGGCACGTAAAACCGCAGCAGAAGCAGAAGAAACCCGTCAGCGTATTATTGATGCAGCACTGGAAGTTTTTGTTGCACAGGGTGTTAGTGATGCAACCCTGGATCAGATTGCACGTAAAGCCGGTGTTACCCGTGGTGCAGTTTATTGGCATTTTAATGGTAAACTGGAAGTTCTGCAGGCAGTTCTGGCAAGCCGTCAGCATCCGCTGGAACTGGATTTTACACCGGATCTGGGTATTGAACGTAGCTGGGAAGCAGTTGTTGTTGCAATGCTGGATGCAGTTCATAGTCCGCAGAGCAAACAGTTTAGCGAAATTCTGATTTATCAGGGTCTGGATGAAAGCGGTCTGATTCATAATCGTATGGTTCAGGCAAGCGATCGTTTTCTGCAGTATATTCATCAGGTTCTGCGTCATGCAGTTACCCAGGGTGAACTGCCGATTAATCTGGATCTGCAGACCAGCATTGGTGTTTTTAAAGGTCTGATTACCGGTCTGCTGTATGAAGGTCTGCGTAGCAAAGATCAGCAGGCACAGATTATCAAAGTTGCACTGGGTAGCTTTTGGGCACTGCTGCGTGAACCGCCTCGTTTTCTGCTGTGTGAAGAAGCACAGATTAAACAGGTGAAATCCTTCGAATAATAA","ECK120029600","TTCAGCCAAAAAACTTAAGACCGCCGGTCTTGTCCACTACCTTGCAGTAATGCGGTGGACAGGATCGGCGGTTTTCTTTTCTCTTCTCAA",5.538373,0.011192,0.043338,2.926147,0.0436516,0.363078
11,"NOR_an3-SrpR","NOR","pSrpR","TCTATGATTGGTCCAGATTCGTTACCAATTGACAGCTAGCTCAGTCCTAGGTATATACATACATGCTTGTTTGTTTGTAAAC","RiboJ10","CTGAAGCGCTCAACGGGTGTGCTTCCCGTTCTGATGAGTCCGTGAGGACGAAAGCGCCTCTACAAATAATTTTGTTTAA","an3_srpr","GAGTCTATGGACTATGTTTTCACAAAGGAAGTACCAGG","SrpR","ATGGCACGTAAAACCGCAGCAGAAGCAGAAGAAACCCGTCAGCGTATTATTGATGCAGCACTGGAAGTTTTTGTTGCACAGGGTGTTAGTGATGCAACCCTGGATCAGATTGCACGTAAAGCCGGTGTTACCCGTGGTGCAGTTTATTGGCATTTTAATGGTAAACTGGAAGTTCTGCAGGCAGTTCTGGCAAGCCGTCAGCATCCGCTGGAACTGGATTTTACACCGGATCTGGGTATTGAACGTAGCTGGGAAGCAGTTGTTGTTGCAATGCTGGATGCAGTTCATAGTCCGCAGAGCAAACAGTTTAGCGAAATTCTGATTTATCAGGGTCTGGATGAAAGCGGTCTGATTCATAATCGTATGGTTCAGGCAAGCGATCGTTTTCTGCAGTATATTCATCAGGTTCTGCGTCATGCAGTTACCCAGGGTGAACTGCCGATTAATCTGGATCTGCAGACCAGCATTGGTGTTTTTAAAGGTCTGATTACCGGTCTGCTGTATGAAGGTCTGCGTAGCAAAGATCAGCAGGCACAGATTATCAAAGTTGCACTGGGTAGCTTTTGGGCACTGCTGCGTGAACCGCCTCGTTTTCTGCTGTGTGAAGAAGCACAGATTAAACAGGTGAAATCCTTCGAATAATAA","ECK120029600","TTCAGCCAAAAAACTTAAGACCGCCGGTCTTGTCCACTACCTTGCAGTAATGCGGTGGACAGGATCGGCGGTTTTCTTTTCTCTTCTCAA",8.966366,0.017023,0.267569,2.795158,0.269153,2.54097
12,"NOR_js2-SrpR","NOR","pSrpR","TCTATGATTGGTCCAgattcgttaccaattgacagctagctcagtcctaggtATATACATACATGCTTGTTTGTTTGTAAAC","RiboJ10","CTGAAGCGCTCAACGGGTGTGCTTCCCGTTCTGATGAGTCCGTGAGGACGAAAGCGCCTCTACAAATAATTTTGTTTAA","js2_srpr","GAGTCTATGGACTATGTTTTCACATATGAGATACCAGG","SrpR","ATGGCACGTAAAACCGCAGCAGAAGCAGAAGAAACCCGTCAGCGTATTATTGATGCAGCACTGGAAGTTTTTGTTGCACAGGGTGTTAGTGATGCAACCCTGGATCAGATTGCACGTAAAGCCGGTGTTACCCGTGGTGCAGTTTATTGGCATTTTAATGGTAAACTGGAAGTTCTGCAGGCAGTTCTGGCAAGCCGTCAGCATCCGCTGGAACTGGATTTTACACCGGATCTGGGTATTGAACGTAGCTGGGAAGCAGTTGTTGTTGCAATGCTGGATGCAGTTCATAGTCCGCAGAGCAAACAGTTTAGCGAAATTCTGATTTATCAGGGTCTGGATGAAAGCGGTCTGATTCATAATCGTATGGTTCAGGCAAGCGATCGTTTTCTGCAGTATATTCATCAGGTTCTGCGTCATGCAGTTACCCAGGGTGAACTGCCGATTAATCTGGATCTGCAGACCAGCATTGGTGTTTTTAAAGGTCTGATTACCGGTCTGCTGTATGAAGGTCTGCGTAGCAAAGATCAGCAGGCACAGATTATCAAAGTTGCACTGGGTAGCTTTTGGGCACTGCTGCGTGAACCGCCTCGTTTTCTGCTGTGTGAAGAAGCACAGATTAAACAGGTGAAATCCTTCGAATAATAA","ECK120019600","TTCAGCCAAAAAACTTAAGACCGCCGGTCTTGTCCACTACCTTGCAGTAATGCGGTGGACAGGATCGGCGGTTTTCTTTTCTCTTCTCAA",14.52805309,0.074092292,0.34917443,2.565844601,0.350752,2.7227
13,"NOR_js2-PhlF","NOR","pPhlF","CGACGTACGGTGGAAtctgattcgttaccaattgacATGATACGAAACGTACCGTATCGTTAAGGT","RiboJ53","CTGAAGCGGTCAACGCATGTGCTTTGCGTTCTGATGAGACAGTGATGTCGAAACCGCCTCTACAAATAATTTTGTTTAA","js2_phlf","CTTTACGAGGGCGATCCT","PhlF","ATGGCACGTACCCCGAGCCGTAGCAGCATTGGTAGCCTGCGTAGTCCGCATACCCATAAAGCAATTCTGACCAGCACCATTGAAATCCTGAAAGAATGTGGTTATAGCGGTCTGAGCATTGAAAGCGTTGCACGTCGTGCCGGTGCAAGCAAACCGACCATTTATCGTTGGTGGACCAATAAAGCAGCACTGATTGCCGAAGTGTATGAAAATGAAAGCGAACAGGTGCGTAAATTTCCGGATCTGGGTAGCTTTAAAGCCGATCTGGATTTTCTGCTGCGTAATCTGTGGAAAGTTTGGCGTGAAACCATTTGTGGTGAAGCATTTCGTTGTGTTATTGCAGAAGCACAGCTGGACCCTGCAACCCTGACCCAGCTGAAAGATCAGTTTATGGAACGTCGTCGTGAGATGCCGAAAAAACTGGTTGAAAATGCCATTAGCAATGGTGAACTGCCGAAAGATACCAATCGTGAACTGCTGCTGGATATGATTTTTGGTTTTTGTTGGTATCGCCTGCTGACCGAACAGCTGACCGTTGAACAGGATATTGAAGAATTTACCTTCCTGCTGATTAATGGTGTTTGTCCGGGTACACAGCGTTAATAA","ECK120033737","ggaaacacagAAAAAAGCCCGCACCTGACAGTGCGGGCTTTTTTTTTcgaccaaagg",28.85427545,0.080108347,0.977191433,4.171308584,0.988553,4.02717
14,"NOR_js2-BM3R1","NOR","pBM3R1","AATCCGCGTGATAGGTCTGATTCGTTACCAATTGACGGAATGAACGTTCATTCCGATAATGCTAGC","SarJ","CTGAAGACTGTCGCCGGATGTGTATCCGACCTGACGATGGCCCAAAAGGGCCGAAACAGTCCTCTACAAATAATTTTGTTTAA","js2_bm3r1","CCAAACGAGGCCGGGAGG","BM3R1","ATGGAAAGCACCCCGACCAAACAGAAAGCAATTTTTAGCGCAAGCCTGCTGCTGTTTGCAGAACGTGGTTTTGATGCAACCACCATGCCGATGATTGCAGAAAATGCAAAAGTTGGTGCAGGCACCATTTATCGCTATTTCAAAAACAAAGAAAGCCTGGTGAACGAACTGTTTCAGCAGCATGTTAATGAATTTCTGCAGTGTATTGAAAGCGGTCTGGCAAATGAACGTGATGGTTATCGTGATGGCTTTCATCACATTTTTGAAGGTATGGTGACCTTTACCAAAAATCATCCGCGTGCACTGGGTTTTATCAAAACCCATAGCCAGGGCACCTTTCTGACCGAAGAAAGCCGTCTGGCATATCAGAAACTGGTTGAATTTGTGTGCACCTTTTTTCGTGAAGGTCAGAAACAGGGTGTGATTCGTAATCTGCCGGAAAATGCACTGATTGCAATTCTGTTTGGCAGCTTTATGGAAGTGTATGAAATGATCGAGAACGATTATCTGAGCCTGACCGATGAACTGCTGACCGGTGTTGAAGAAAGCCTGTGGGCAGCACTGAGCCGTCAGAGCTAATAA","L3S2P11","CTCGGTACCAAATTCCAGAAAAGAGACGCTTTCGAGCGTCTTTTTTCGTTTTGGTCC",3.468985944,0.058479144,1.10248907,3.385747577,1.12202,3.67282
15,"NOR_js2-AmtR","NOR","pAmtRjs","CTTGTCCAACCAAATgattcgttaccctttgacagTTTCTATCGATCTATAGATAATgctagc","BydvJ","CTGAagGGTGTCTCAAGGTGCGTACCTTGACTGATGAGTCCGAAAGGACGAAACACCcctctacaaataattttgtttaa","js2_amtr","AATGTTCCCTAATAATCAGCAAAGAGGTTACTAG","AmtR","ATGGCAGGCGCAGTTGGTCGTCCGCGTCGTAGTGCACCGCGTCGTGCAGGTAAAAATCCGCGTGAAGAAATTCTGGATGCAAGCGCAGAACTGTTTACCCGTCAGGGTTTTGCAACCACCAGTACCCATCAGATTGCAGATGCAGTTGGTATTCGTCAGGCAAGCCTGTATTATCATTTTCCGAGCAAAACCGAAATCTTTCTGACCCTGCTGAAAAGCACCGTTGAACCGAGCACCGTTCTGGCAGAAGATCTGAGCACCCTGGATGCAGGTCCGGAAATGCGTCTGTGGGCAATTGTTGCAAGCGAAGTTCGTCTGCTGCTGAGCACCAAATGGAATGTTGGTCGTCTGTATCAGCTGCCGATTGTTGGTAGCGAAGAATTTGCAGAATATCATAGCCAGCGTGAAGCACTGACCAATGTTTTTCGTGATCTGGCAACCGAAATTGTTGGTGATGATCCGCGTGCAGAACTGCCGTTTCATATTACCATGAGCGTTATTGAAATGCGTCGCAATGATGGTAAAATTCCGAGTCCGCTGAGCGCAGATAGCCTGCCGGAAACCGCAATTATGCTGGCAGATGCAAGCCTGGCAGTTCTGGGTGCACCGCTGCCTGCAGATCGTGTTGAAAAAACCCTGGAACTGATTAAACAGGCAGATGCAAAATAATAA","L3S2P55","CTCGGTACCAAAGACGAACAATAAGACGCTGAAAAGCGTCTTTTTTCGTTTTGGTCC",16.02102366,0.254267595,0.285832211,1.610221897,0.291743,3.67282
16,"NOR_js2-HlyIIR","NOR","pHlyIIR","ACCAGGAATCTGAACgattcgttaccaattgccATATTTAAAATTCTTGTTTAAAatgctagc","RiboJ51","CTGAAGTAGTCACCGGCTGTGCTTGCCGGTCTGATGAGCCTGTGAAGGCGAAACTACCTCTACAAATAATTTTGTTTAA","js2_hlyiir","ACCCCCGAG","HlyIIRjs","ATGAAATACATCCTGTTTGAGGTGTGCGAAATGGGTAAAAGCCGTGAACAGACCATGGAAAATATTCTGAAAGCAGCCAAAAAGAAATTCGGCGAACGTGGTTATGAAGGCACCAGCATTCAAGAAATTACCAAAGAAGCCAAAGTTAACGTTGCAATGGCCAGCTATTACTTTAATGGCAAAGAGAACCTGTACTACGAGGTGTTCAAAAAATACGGTCTGGCAAATGAACTGCCGAACTTTCTGGAAAAAAACCAGTTTAATCCGATTAATGCCCTGCGTGAATATCTGACCGTTTTTACCACCCACATTAAAGAAAATCCGGAAATTGGCACCCTGGCCTATGAAGAAATTATCAAAGAAAGCGCACGCCTGGAAAAAATCAAACCGTATTTTATCGGCAGCTTCGAACAGCTGAAAGAAATTCTGCAAGAGGGTGAAAAACAGGGTGTGTTTCACTTTTTTAGCATCAACCATACCATCCATTGGATTACCAGCATTGTTCTGTTTCCGAAATTCAAAAAATTCATCGATAGCCTGGGTCCGAATGAAACCAATGATACCAATCATGAATGGATGCCGGAAGATCTGGTTAGCCGTATTATTAGCGCACTGACCGATAAACCGAACATTTAATAA","ECK120033736","aacgcatgagAAAGCCCCCGGAAGATCACCTTCCGGGGGCTTTtttattgcgc",10.69447062,0.3065751,0.817007651,2.62065288,0.841395,3.12608
17,"NOR_js-QacR","NOR","pQacR","ggtatggaagctatacgttaccaattgacagctagctcagtccTACTTTAGTATATAGACCGTGCGATCGGTCTATA","RiboJ60","CTGAAGTCGTCAAGTGCTGTGCTTGCACTTCTGATGAGGCAGTGATGCCGAAACGACCTCTACAAATAATTTTGTTTAA","js_qacr","GCCATGCCATTGGCTTTTGATAGAGGACAACTACTAG","QacR","ATGAACCTGAAAGATAAAATTCTGGGCGTTGCCAAAGAACTGTTTATCAAAAATGGCTATAACGCAACCACCACCGGTGAAATTGTTAAACTGAGCGAAAGCAGCAAAGGCAATCTGTATTATCACTTTAAAACCAAAGAGAACCTGTTTCTGGAAATCCTGAACATCGAAGAAAGCAAATGGCAAGAGCAGTGGAAAAAAGAACAAATCAAATGCAAAACCAACCGCGAGAAATTCTATCTGTATAATGAACTGAGCCTGACCACCGAATATTACTATCCGCTGCAGAATGCCATCATCGAGTTTTATACCGAGTACTATAAAACCAACAGCATCAACGAGAAAATGAACAAACTGGAAAACAAATACATCGATGCCTACCACGTGATCTTTAAAGAAGGTAATCTGAACGGCGAATGGTGCATTAATGATGTTAATGCCGTGAGCAAAATTGCAGCAAATGCCGTTAATGGCATTGTTACCTTTACCCATGAGCAGAATATCAACGAACGCATTAAACTGATGAACAAATTCAGCCAGATCTTTCTGAATGGCCTGAGCAAATAATAA","ECK120010818","GTCAGTTTCACCTGTTTTACGTAAAAACCCGCTTCGGCGGGTTTTTACTTTTGG",15.10292407,0.129020109,1.036520055,2.471422735,1.04713,7.07946
18,"NOR_js2-LitR","NOR","pLitRjs","CGAGCGTAGAGCTTAgattcgttaccaatTGACAAATTTATAAATTGTCAgtacagtcctagc","PlmJ","CTGAAGTCATAAGTCTGGGCTAAGCCCACTGATGAGTCGCTGAAATGCGACGAAACTTATGACCTCTACAAATAATTTTGTTTAA","js2_litr","GTCCTATGGACTTTTTCATACAGGAGAACCCTCG","LitR","ATGGATACCATTCAGAAACGTCCGCGTACCCGTCTGAGTCCGGAAAAACGTAAAGAACAGCTGCTGGATATTGCCATTGAAGTTTTTAGCCAGCGTGGTATTGGTCGTGGTGGTCATGCAGATATTGCAGAAATTGCACAGGTTAGCGTTGCAACCGTGTTTAACTATTTTCCGACCCGTGAAGATCTGGTTGATGATGTTCTGAACAAAGTGGAAAACGAGTTTCACCAGTTCATCAATAACAGCATTAGCCTGGATCTGGATGTTCGTAGCAATCTGAATACCCTGCTGCTGAACATTATTGATAGCGTTCAGACCGGCAACAAATGGATTAAAGTTTGGTTTGAATGGTCAACCAGCACCCGTGATGAAGTTTGGCCTCTGTTTCTGAGCACCCATAGCAATACCAATCAGGTGATCAAAACCATGTTTGAAGAGGGTATTGAACGCAATGAAGTGTGCAATGATCATACACCGGAAAATCTGACCAAAATGCTGCATGGTATTTGCTATAGCGTGTTTATTCAGGCCAATCGTAATAGCAGCAGCGAAGAAATGGAAGAAACCGCAAATTGCTTTCTGAATATGCTGTGCATCTACAAATAATAA","L3S2P24","CTCGGTACCAAATTCCAGAAAAGACACCCGAAAGGGTGTTTTTTCGTTTTGGTCC",18.09749561,0.291015685,0.202513104,1.697255275,0.206538,2.26464
19,"NOR_js2-IcaRA","NOR","pIcaRA","GTCAACTCATAAGATtctgattcgttaccaattgacaaTTCACCTACCTTTCGTTAGgTTAGGTTGT","ElvJ","CTGAagCCCCATAGGGTGGTGTGTACCACCCCTGATGAGTCCAAAAGGACGAAATGGGGcctctacaaataattttgtttaa","js2_icara","ATTGCTATGGACTATGTTTCAAAGTGAGAATACTAG","IcaRA","GTGAAAGACAAAATTATCGATAACGCCATCACCCTGTTTAGCGAAAAAGGTTATGACGGCACCACCCTGGATGATATTGCAAAAAGCGTGAACATCAAAAAAGCCAGCCTGTATTATCACTTTGATAGCAAAAAAAGCATCTACGAGCAGAGCGTTAAATGCTGTTTCGATTATCTGAACAACATCATCATGATGAACCAGAACAAAAGCAACTATAGCATCGATGCCCTGTATCAGTTTCTGTTTGAGTTCATCTTCGATATCGAGGAACGCTATATTCGTATGTATGTTCAGCTGAGCAACACACCGGAAGAATTTTCAGGTAACATTTATGGCCAGATCCAGGATCTGAATCAGAGCCTGAGCAAAGAAATCGCCAAATTCTATGACGAAAGCAAAATCAAAATGACCAAAGAGGACTTCCAGAATCTGATTCTGCTGTTTCTGGAAAGCTGGTATCTGAAAGCCAGCTTTAGCCAGAAATTTGGTGCAGTTGAAGAAAGCAAAAGCCAGTTTAAAGATGAGGTTTATAGCCTGCTGAACATCTTTCTGAAGAAATAATAA","ECK120016170","ACAATTTTCGAAAAAACCCGCTTCGGCGGGTTTTTTTATAGCTAAAA",11.16941158,0.428569891,0.487305747,1.620637173,0.512861,3.50752
20,"NOR_js2-BetI","NOR","pBetIjs","AGCGCGGGTGAGAGGgattcgttaccaatagacaATTgATTGGACGTTCAATATAAtgctagc","RiboJ57","CTGAAGAAGTCAATTAATGTGCTTTTAATTCTGATGAGTCGGTGACGACGAAACTTCCTCTACAAATAATTTTGTTTAA","js2_beti","CCCCCCGAGGAGTAGCAC","BetIjs","ATGCCGAAACTGGGTATGCAGAGCATTCGTCGTCGTCAGCTGATTGATGCAACCCTGGAAGCAATTAATGAAGTTGGTATGCATGATGCAACCATTGCACAGATTGCACGTCGTGCCGGTGTTAGCACCGGTATTATTAGCCATTATTTCCGCGATAAAAACGGTCTGCTGGAAGCAACCATGCGTGATATTACCAGCCAGCTGCGTGATGCAGTTCTGAATCGTCTGCATGCACTGCCGCAGGGTAGCGCAGAACAGCGTCTGCAGGCAATTGTTGGTGGTAATTTTGATGAAACCCAGGTTAGCAGCGCAGCAATGAAAGCATGGCTGGCATTTTGGGCAAGCAGCATGCATCAGCCGATGCTGTATCGTCTGCAGCAGGTTAGCAGTCGTCGTCTGCTGAGCAATCTGGTTAGCGAATTTCGTCGTGAACTGCCTCGTGAACAGGCACAAGAGGCAGGTTATGGTCTGGCAGCACTGATTGATGGTCTGTGGCTGCGTGCAGCACTGAGCGGTAAACCGCTGGATAAAACCCGTGCAAATAGCCTGACCCGTCATTTTATCACCCAGCATCTGCCGACCGATTAATAA","L3S3P11","CCAATTATTGAACACCCTTCGGGGTGTTTTTTTGTTTCTGGTCTCCC",15.97890295,0.316172702,1.746205434,2.421897328,1.77828,8.70964
21,"NOR_an0-AmeR","NOR","pAmeR","TCGTCACTAGAGGGCGATAGTGACAAACTTGACAACTCATCACTTCCTAGGTATAATGCTAGC","RiboJ54","CTGAAGGGGTCAGTTGATGTGCTTTCAACTCTGATGAGTCAGTGATGACGAAACCCCCTCTACAAATAATTTTGTTTAA","an0_amer","CTATGGACTATGTTTTCACATACGAGGGGGATTAG","AmeR","ATGAACAAAACCATTGATCAGGTGCGTAAAGGTGATCGTAAAAGCGATCTGCCGGTTCGTCGTCGTCCGCGTCGTAGTGCCGAAGAAACCCGTCGTGATATTCTGGCAAAAGCCGAAGAACTGTTTCGTGAACGTGGTTTTAATGCAGTTGCCATTGCAGATATTGCAAGCGCACTGAATATGAGTCCGGCAAATGTGTTTAAACATTTTAGCAGCAAAAACGCACTGGTTGATGCAATTGGTTTTGGTCAGATTGGTGTTTTTGAACGTCAGATTTGTCCGCTGGATAAAAGCCATGCACCGCTGGATCGTCTGCGTCATCTGGCACGTAATCTGATGGAACAGCATCATCAGGATCATTTCAAACACATACGGGTTTTTATTCAGATCCTGATGACCGCCAAACAGGATATGAAATGTGGCGATTATTACAAAAGCGTGATTGCAAAACTGCTGGCCGAAATTATTCGTGATGGTGTTGAAGCAGGTCTGTATATTGCAACCGATATTCCGGTTCTGGCAGAAACCGTTCTGCATGCACTGACCAGCGTTATTCATCCGGTTCTGATTGCACAAGAAGATATTGGTAATCTGGCAACCCGTTGTGATCAGCTGGTTGATCTGATTGATGCAGGTCTGCGTAATCCGCTGGCAAAATAATAA","L3S3P31","CCAATTATTGAACACCCTAACGGGTGTTTTTTTTTTTTTGGTCTCCC",16.04594777,1.037044008,0.377192387,1.432032937,0.416869,2.34423
22,"AND_SicA-InvF","AND_Chaperone","pSicA","","RiboH10","","RBS0","","SicA","","BBa_B1006U10","",NULL,NULL,NULL,NULL,NULL,NULL
23,"AND_SicA-InvF","AND_TF",NULL,"","RiboH11","","RBS0","","InvF","","his[min]","",NULL,NULL,NULL,NULL,NULL,NULL
24,"AND_ExsC-ExsDA","AND_Chaperone","pExsC","","RiboH12","","RBS0","","ExsC","","M13","",NULL,NULL,NULL,NULL,NULL,NULL
25,"AND_ExsC-ExsDA","AND_TF",NULL,"","RiboH24","","RBS0","","ExsDA","","ilvGEDA","",NULL,NULL,NULL,NULL,NULL,NULL
26,"NOR_an2-SrpR","NOR","pSrpR","TCTATGATTGGTCCAGATTCGTTACCAATTGACAGCTAGCTCAGTCCTAGGTATATACATACATGCTTGTTTGTTTGTAAAC","RiboJ10","CTGAAGCGCTCAACGGGTGTGCTTCCCGTTCTGATGAGTCCGTGAGGACGAAAGCGCCTCTACAAATAATTTTGTTTAA","an2_srpr","GAGTCTATGGACTATGTTTTCACATATGAGATACCAGG","SrpR","ATGGCACGTAAAACCGCAGCAGAAGCAGAAGAAACCCGTCAGCGTATTATTGATGCAGCACTGGAAGTTTTTGTTGCACAGGGTGTTAGTGATGCAACCCTGGATCAGATTGCACGTAAAGCCGGTGTTACCCGTGGTGCAGTTTATTGGCATTTTAATGGTAAACTGGAAGTTCTGCAGGCAGTTCTGGCAAGCCGTCAGCATCCGCTGGAACTGGATTTTACACCGGATCTGGGTATTGAACGTAGCTGGGAAGCAGTTGTTGTTGCAATGCTGGATGCAGTTCATAGTCCGCAGAGCAAACAGTTTAGCGAAATTCTGATTTATCAGGGTCTGGATGAAAGCGGTCTGATTCATAATCGTATGGTTCAGGCAAGCGATCGTTTTCTGCAGTATATTCATCAGGTTCTGCGTCATGCAGTTACCCAGGGTGAACTGCCGATTAATCTGGATCTGCAGACCAGCATTGGTGTTTTTAAAGGTCTGATTACCGGTCTGCTGTATGAAGGTCTGCGTAGCAAAGATCAGCAGGCACAGATTATCAAAGTTGCACTGGGTAGCTTTTGGGCACTGCTGCGTGAACCGCCTCGTTTTCTGCTGTGTGAAGAAGCACAGATTAAACAGGTGAAATCCTTCGAATAATAA","ECK120029600","TTCAGCCAAAAAACTTAAGACCGCCGGTCTTGTCCACTACCTTGCAGTAATGCGGTGGACAGGATCGGCGGTTTTCTTTTCTCTTCTCAA",8.720336,0.013618,0.157783,2.64759,0.158489,1.8197
27,"NOR_an0-QacR","NOR","pQacR","GGTATGGAAGCTATACGTTACCAATTGACAGCTAGCTCAGTCCTACTTTAGTATATAGACCGTGCGATCGGTCTATA","RiboJ60","CTGAAGTCGTCAAGTGCTGTGCTTGCACTTCTGATGAGGCAGTGATGCCGAAACGACCTCTACAAATAATTTTGTTTAA","an0_qacr","GCCATGCCATTGGCTTTTGATAGAGGACAACTACTAG","QacR","ATGAACCTGAAAGATAAAATTCTGGGCGTTGCCAAAGAACTGTTTATCAAAAATGGCTATAACGCAACCACCACCGGTGAAATTGTTAAACTGAGCGAAAGCAGCAAAGGCAATCTGTATTATCACTTTAAAACCAAAGAGAACCTGTTTCTGGAAATCCTGAACATCGAAGAAAGCAAATGGCAAGAGCAGTGGAAAAAAGAACAAATCAAATGCAAAACCAACCGCGAGAAATTCTATCTGTATAATGAACTGAGCCTGACCACCGAATATTACTATCCGCTGCAGAATGCCATCATCGAGTTTTATACCGAGTACTATAAAACCAACAGCATCAACGAGAAAATGAACAAACTGGAAAACAAATACATCGATGCCTACCACGTGATCTTTAAAGAAGGTAATCTGAACGGCGAATGGTGCATTAATGATGTTAATGCCGTGAGCAAAATTGCAGCAAATGCCGTTAATGGCATTGTTACCTTTACCCATGAGCAGAATATCAACGAACGCATTAAACTGATGAACAAATTCAGCCAGATCTTTCTGAATGGCCTGAGCAAATAATAA","ECK120010818","GTCAGTTTCACCTGTTTTACGTAAAAACCCGCTTCGGCGGGTTTTTACTTTTGG",12.04155,0.139141,0.871797,2.419755,0.881049,5.49541
28,"NOR_an1-IcaRA","NOR","pIcaRA","GTCAACTCATAAGATtctgattcgttaccaattgacaaTTCACCTACCTTTCGTTAGgTTAGGTTGT","ElvJ","CTGAagCCCCATAGGGTGGTGTGTACCACCCCTGATGAGTCCAAAAGGACGAAATGGGGcctctacaaataattttgtttaa","an1_icara","ATTGCTATGGACTATGTTTCAAAGTGAGAATACTAG","IcaRA","GTGAAAGACAAAATTATCGATAACGCCATCACCCTGTTTAGCGAAAAAGGTTATGACGGCACCACCCTGGATGATATTGCAAAAAGCGTGAACATCAAAAAAGCCAGCCTGTATTATCACTTTGATAGCAAAAAAAGCATCTACGAGCAGAGCGTTAAATGCTGTTTCGATTATCTGAACAACATCATCATGATGAACCAGAACAAAAGCAACTATAGCATCGATGCCCTGTATCAGTTTCTGTTTGAGTTCATCTTCGATATCGAGGAACGCTATATTCGTATGTATGTTCAGCTGAGCAACACACCGGAAGAATTTTCAGGTAACATTTATGGCCAGATCCAGGATCTGAATCAGAGCCTGAGCAAAGAAATCGCCAAATTCTATGACGAAAGCAAAATCAAAATGACCAAAGAGGACTTCCAGAATCTGATTCTGCTGTTTCTGGAAAGCTGGTATCTGAAAGCCAGCTTTAGCCAGAAATTTGGTGCAGTTGAAGAAAGCAAAAGCCAGTTTAAAGATGAGGTTTATAGCCTGCTGAACATCTTTCTGAAGAAATAATAA","ECK120016170","ACAATTTTCGAAAAAACCCGCTTCGGCGGGTTTTTTTATAGCTAAAA",9.21985,0.352692,0.404457,1.437237,0.431519,3.71535
29,"OUTPUT_YFP","OUTPUT",NULL,NULL,"RiboJ00","CTGAAGCTGTCACCGGATGTGCTTTCCGGTCTGATGAGTCCGTGAGGACGAAACAGCCTCTACAAATAATTTTGTTTAA","rbs_yfp","TACTAGAGAAAGAGGGGAAATACTAG","YFP","ATGGTGAGCAAGGGCGAGGAGCTGTTCACCGGGGTGGTGCCCATCCTGGTCGAGCTGGACGGCGACGTAAACGGCCACAAGTTCAGCGTGTCCGGCGAGGGCGAGGGCGATGCCACCTACGGCAAGCTGACCCTGAAGTTCATCTGCACCACAGGCAAGCTGCCCGTGCCCTGGCCCACCCTCGTGACCACCTTCGGCTACGGCCTGCAATGCTTCGCCCGCTACCCCGACCACATGAAGCTGCACGACTTCTTCAAGTCCGCCATGCCCGAAGGCTACGTCCAGGAGCGCACCATCTTCTTCAAGGACGACGGCAACTACAAGACCCGCGCCGAGGTGAAGTTCGAGGGCGACACCCTGGTGAACCGCATCGAGCTGAAGGGCATCGACTTCAAGGAGGACGGCAACATCCTGGGGCACAAGCTGGAGTACAACTACAACAGCCACAACGTCTATATCATGGCCGACAAGCAGAAGAACGGCATCAAGGTGAACTTCAAGATCCGCCACAACATCGAGGACGGCAGCGTGCAGCTCGCCGACCACTACCAGCAGAACACCCCAATCGGCGACGGCCCCGTGCTGCTGCCCGACAACCACTACCTTAGCTACCAGTCCGCCCTGAGCAAAGACCCCAACGAGAAGCGCGATCACATGGTCCTGCTGGAGTTCGTGACCGCCGCCGGGATCACTCTCGGCATGGACGAGCTGTACAAGTAA","L3S2P21","CTCGGTACCAAATTCCAGAAAAGAGGCCTCCCGAAAGGGGGGCCTTTTTTCGTTTTGGTCC",NULL,NULL,NULL,NULL,NULL,NULL
30,"OUTPUT_BFP","OUTPUT",NULL,NULL,"CchJ","CTGAAGTTCCAGTCGAGACCTGAAGTGGGTTTCCTGATGAGGCTGTGGAGAGAGCGAAAGCTTTACTCCCGCACAAGCCGAAACTGGAACCTCTACAAATAATTTTGTTTAA","rbs_bfp","GAGTCACACAGGAAAGTACTAG","BFP","ATGAGCGAGCTGATTAAGGAGAACATGCACATGAAGCTGTACATGGAGGGCACCGTGGACAACCATCACTTCAAGTGCACATCCGAGGGCGAAGGCAAGCCCTACGAGGGCACCCAGACCATGAGAATCAAGGTGGTCGAGGGCGGCCCTCTCCCCTTCGCCTTCGACATCCTGGCTACTAGCTTCCTCTACGGCAGCAAGACCTTCATCAACCACACCCAGGGCATCCCCGACTTCTTCAAGCAGTCCTTCCCTGAGGGCTTCACATGGGAGAGAGTCACCACATACGAAGATGGGGGCGTGCTGACCGCTACCCAGGACACCAGCCTCCAGGACGGCTGCCTCATCTACAACGTCAAGATCAGAGGGGTGAACTTCACATCCAACGGCCCTGTGATGCAGAAGAAAACACTCGGCTGGGAGGCCTTCACCGAGACGCTGTACCCCGCTGACGGCGGCCTGGAAGGCAGAAACGACATGGCCCTGAAGCTCGTGGGCGGGAGCCATCTGATCGCAAACATCAAGACCACATATAGATCCAAGAAACCCGCTAAGAACCTCAAGATGCCTGGCGTCTACTATGTGGACTACAGACTGGAAAGAATCAAGGAGGCCAACAACGAGACCTACGTCGAGCAGCACGAGGTGGCAGTGGCCAGATACTGCGACCTCCCTAGCAAACTGGGGCACTAA","BBa_B0015","CCAGGCATCAAATAAAACGAAAGGCTCAGTCGAAAGACTGGGCCTTTCGTTTTATCTGTTGTTTGTCGGTGAACGCTCTCTACTAGAGTCACACTGGCTCACCTTCGGGTGGGCCTTTCTGCGTTTATA",NULL,NULL,NULL,NULL,NULL,NULL
31,"OUTPUT_RFP","OUTPUT",NULL,NULL,"AraJ","CTGAAGTGGTCGTGATCTGAAACTCGATCACCTGATGAGCTCAAGGCAGAGCGAAACCACCTCTACAAATAATTTTGTTTAA","rbs_rfp","TACTAGAGTCACACAGGAAAGTACTAG","RFP","ATGGCTTCCTCCGAAGACGTTATCAAAGAGTTCATGCGTTTCAAAGTTCGTATGGAAGGTTCCGTTAACGGTCACGAGTTCGAAATCGAAGGTGAAGGTGAAGGTCGTCCGTACGAAGGTACCCAGACCGCTAAACTGAAAGTTACCAAAGGTGGTCCGCTGCCGTTCGCTTGGGACATCCTGTCCCCGCAGTTCCAGTACGGTTCCAAAGCTTACGTTAAACACCCGGCTGACATCCCGGACTACCTGAAACTGTCCTTCCCGGAAGGTTTCAAATGGGAACGTGTTATGAACTTCGAAGACGGTGGTGTTGTTACCGTTACCCAGGACTCCTCCCTGCAAGACGGTGAGTTCATCTACAAAGTTAAACTGCGTGGTACCAACTTCCCGTCCGACGGTCCGGTTATGCAGAAAAAAACCATGGGTTGGGAAGCTTCCACCGAACGTATGTACCCGGAAGACGGTGCTCTGAAAGGTGAAATCAAAATGCGTCTGAAACTGAAAGACGGTGGTCACTACGACGCTGAAGTTAAAACCACCTACATGGCTAAAAAACCGGTTCAGCTGCCGGGTGCTTACAAAACCGACATCAAACTGGACATCACCTCCCACAACGAAGACTACACCATCGTTGAACAGTACGAACGTGCTGAAGGTCGTCACTCCACCGGTGCTTAATAA","rb","CAGATAAAAAAAATCCTTAGCTTTCGCTAAGGATGATTTCT",NULL,NULL,NULL,NULL,NULL,NULL
