"id","promoter","promoterDNA","sgRNA","sgRNADNA","terminator","terminatorDNA"
1,"pA1","GCTCTTATCCTGCATCGAAATTTACACCTAGCTCAGTCCTAGGTATTATGCTAGC","sgRNA-A1T","TTTACACCTAGCTCAGTCCTGTTTTAGAGCTAGAAATAGCAAGTTAAAATAAGGCTAGTCCGATTGCAACTTGAAAAAGTGGCACCGAGTCGGTGCTTTTTTT","L3S2P11","CTCGGTACCAAATTCCAGAAAAGAGACGCTTTCGAGCGTCTTTTTTCGTTTTGGTCC"
2,"pA1","GCTCTTATCCTGCATCGAAATTTACACCTAGCTCAGTCCTAGGTATTATGCTAGC","sgRNA-A1NT","ATAATACCTAGGACTGAGCTGTTTTAGAGCTAGAAATAGCAAGTTAAAATAAGGCTAGTCCGATTGCAACTTGAAAAAGTGGCACCGAGTCGGTGCTTTTTTT","L3S2P11","CTCGGTACCAAATTCCAGAAAAGAGACGCTTTCGAGCGTCTTTTTTCGTTTTGGTCC"
3,"pA2","GATAGGAAGCAGGAATAGTTTTTACACCAACGGGTCACACGGGTATTATGCTAGC","sgRNA-A2T","TTTACACCAACGGGTCACACGTTTTAGAGCTAGAAATAGCAAGTTAAAATAAGGCTAGTCCGTTATCAACTTGAAAAAGTGGCACCGAGTCGGTGCTTTTTTT","L3S2P55","CTCGGTACCAAAGACGAACAATAAGACGCTGAAAAGCGTCTTTTTTCGTTTTGGTCC"
4,"pA2","GATAGGAAGCAGGAATAGTTTTTACACCAACGGGTCACACGGGTATTATGCTAGC","sgRNA-A2NT","ATAATACCCGTGTGACCCGTGTTTTAGAGCTAGAAATAGCAAGTTAAAATAAGGCTAGTCCGTTATCAACTTGAAAAAGTGGCACCGAGTCGGTGCTTTTTTT","L3S2P55","CTCGGTACCAAAGACGAACAATAAGACGCTGAAAAGCGTCTTTTTTCGTTTTGGTCC"
5,"pA3","TCCGAATGACATGCGTCTCCTTTACACCCGAAATGGAGCATGGTATTATGCTAGC","sgRNA-A3T","TTTACACCCGAAATGGAGCAGTTTTAGAGCTAGAAATAGCAAGTTAAAATAAGGCTAGTCCGTCCACAACTTGAAAAAGTGGCACCGAGTCGGTGCTTTTTTT","L3S2P21","CTCGGTACCAAATTCCAGAAAAGAGGCCTCCCGAAAGGGGGGCCTTTTTTCGTTTTGGTCC"
6,"pA3","TCCGAATGACATGCGTCTCCTTTACACCCGAAATGGAGCATGGTATTATGCTAGC","sgRNA-A3NT","ATAATACCATGCTCCATTTCGTTTTAGAGCTAGAAATAGCAAGTTAAAATAAGGCTAGTCCGTCCACAACTTGAAAAAGTGGCACCGAGTCGGTGCTTTTTTT","L3S2P21","CTCGGTACCAAATTCCAGAAAAGAGGCCTCCCGAAAGGGGGGCCTTTTTTCGTTTTGGTCC"
7,"pA4","GAAGGCTCAGGATGCACAGGTTTACACCTCCACAACTAGCTGGTATTATGCTAGC","sgRNA-A4T","TTTACACCTCCACAACTAGCGTTTTAGAGCTAGAAATAGCAAGTTAAAATAAGGCTAGTCCGGCTTCAACTTGAAAAAGTGGCACCGAGTCGGTGCTTTTTTT","ECK120033737","GGAAACACAGAAAAAAGCCCGCACCTGACAGTGCGGGCTTTTTTTTTCGACCAAAGG"
8,"pA4","GAAGGCTCAGGATGCACAGGTTTACACCTCCACAACTAGCTGGTATTATGCTAGC","sgRNA-A4NT","ATAATACCAGCTAGTTGTGGGTTTTAGAGCTAGAAATAGCAAGTTAAAATAAGGCTAGTCCGGCTTCAACTTGAAAAAGTGGCACCGAGTCGGTGCTTTTTTT","ECK120033737","GGAAACACAGAAAAAAGCCCGCACCTGACAGTGCGGGCTTTTTTTTTCGACCAAAGG"
9,"pA5","GCGGATGGCGCCACGACTTATTTACACCAAAACACTCGGAGGGTATTATGCTAGC","sgRNA-A5T","TTTACACCAAAACACTCGGAGTTTTAGAGCTAGAAATAGCAAGTTAAAATAAGGCTAGTCCGGACGCAACTTGAAAAAGTGGCACCGAGTCGGTGCTTTTTTT","ECK120029600","TTCAGCCAAAAAACTTAAGACCGCCGGTCTTGTCCACTACCTTGCAGTAATGCGGTGGACAGGATCGGCGGTTTTCTTTTCTCTTCTCAA"
10,"pA5","GCGGATGGCGCCACGACTTATTTACACCAAAACACTCGGAGGGTATTATGCTAGC","sgRNA-A5NT","ATAATACCCTCCGAGTGTTTGTTTTAGAGCTAGAAATAGCAAGTTAAAATAAGGCTAGTCCGGACGCAACTTGAAAAAGTGGCACCGAGTCGGTGCTTTTTTT","ECK120029600","TTCAGCCAAAAAACTTAAGACCGCCGGTCTTGTCCACTACCTTGCAGTAATGCGGTGGACAGGATCGGCGGTTTTCTTTTCTCTTCTCAA"
