"id","name","type","promoter","promoterDNA","insulator","insulatorDNA","rbs","rbsDNA","cds","cdsDNA","terminator","terminatorDNA","pmax","pmin","Kd","n","cytometry"
21,"NOT_rbs0-AmeR","NOT","pAmeR","TCGTCACTAGAGGGCGATAGTGACAAACTTGACAACTCATCACTTCCTAGGTATAATGCTAGC","RiboJ54","CTGAAGGGGTCAGTTGATGTGCTTTCAACTCTGATGAGTCAGTGATGACGAAACCCCCTCTACAAATAATTTTGTTTAA","rbs0","CTATGGACTATGTTTTCACATACGAGGGGGATTAG","AmeR","ATGAACAAAACCATTGATCAGGTGCGTAAAGGTGATCGTAAAAGCGATCTGCCGGTTCGTCGTCGTCCGCGTCGTAGTGCCGAAGAAACCCGTCGTGATATTCTGGCAAAAGCCGAAGAACTGTTTCGTGAACGTGGTTTTAATGCAGTTGCCATTGCAGATATTGCAAGCGCACTGAATATGAGTCCGGCAAATGTGTTTAAACATTTTAGCAGCAAAAACGCACTGGTTGATGCAATTGGTTTTGGTCAGATTGGTGTTTTTGAACGTCAGATTTGTCCGCTGGATAAAAGCCATGCACCGCTGGATCGTCTGCGTCATCTGGCACGTAATCTGATGGAACAGCATCATCAGGATCATTTCAAACACATACGGGTTTTTATTCAGATCCTGATGACCGCCAAACAGGATATGAAATGTGGCGATTATTACAAAAGCGTGATTGCAAAACTGCTGGCCGAAATTATTCGTGATGGTGTTGAAGCAGGTCTGTATATTGCAACCGATATTCCGGTTCTGGCAGAAACCGTTCTGCATGCACTGACCAGCGTTATTCATCCGGTTCTGATTGCACAAGAAGATATTGGTAATCTGGCAACCCGTTGTGATCAGCTGGTTGATCTGATTGATGCAGGTCTGCGTAATCCGCTGGCAAAATAA","L3S3P31","CCAATTATTGAACACCCTAACGGGTGTTTTTTTTTTTTTGGTCTCCC",16.04594777,1.037044008,0.377192387,1.432032937,NULL
1,"NOT_rbs1-AmtR","NOT","pAmtR","CTTGTCCAACCAAATGATTCGTTACCAATTGACAGTTTCTATCGATCTATAGATAATGCTAGC","BydvJ","CTGAAGGGTGTCTCAAGGTGCGTACCTTGACTGATGAGTCCGAAAGGACGAAACACCCCTCTACAAATAATTTTGTTTAA","RBS1","AATGTTCCCTAATAATCAGCAAAGAGGTTACTAG","AmtR","ATGGCAGGCGCAGTTGGTCGTCCGCGTCGTAGTGCACCGCGTCGTGCAGGTAAAAATCCGCGTGAAGAAATTCTGGATGCAAGCGCAGAACTGTTTACCCGTCAGGGTTTTGCAACCACCAGTACCCATCAGATTGCAGATGCAGTTGGTATTCGTCAGGCAAGCCTGTATTATCATTTTCCGAGCAAAACCGAAATCTTTCTGACCCTGCTGAAAAGCACCGTTGAACCGAGCACCGTTCTGGCAGAAGATCTGAGCACCCTGGATGCAGGTCCGGAAATGCGTCTGTGGGCAATTGTTGCAAGCGAAGTTCGTCTGCTGCTGAGCACCAAATGGAATGTTGGTCGTCTGTATCAGCTGCCGATTGTTGGTAGCGAAGAATTTGCAGAATATCATAGCCAGCGTGAAGCACTGACCAATGTTTTTCGTGATCTGGCAACCGAAATTGTTGGTGATGATCCGCGTGCAGAACTGCCGTTTCATATTACCATGAGCGTTATTGAAATGCGTCGCAATGATGGTAAAATTCCGAGTCCGCTGAGCGCAGATAGCCTGCCGGAAACCGCAATTATGCTGGCAGATGCAAGCCTGGCAGTTCTGGGTGCACCGCTGCCTGCAGATCGTGTTGAAAAAACCCTGGAACTGATTAAACAGGCAGATGCAAAATAA","L3S2P55","CTCGGTACCAAAGACGAACAATAAGACGCTGAAAAGCGTCTTTTTTCGTTTTGGTCC",13.18696,0.316394,0.169953,1.319126,NULL
15,"NOT_js2-AmtR","NOT","pAmtR","CTTGTCCAACCAAATgattcgttaccctttgacagTTTCTATCGATCTATAGATAATgctagc","BydvJ","CTGAagGGTGTCTCAAGGTGCGTACCTTGACTGATGAGTCCGAAAGGACGAAACACCcctctacaaataattttgtttaa","js2","AATGTTCCCTAATAATCAGCAAAGAGGTTACTAG","AmtR","ATGGCAGGCGCAGTTGGTCGTCCGCGTCGTAGTGCACCGCGTCGTGCAGGTAAAAATCCGCGTGAAGAAATTCTGGATGCAAGCGCAGAACTGTTTACCCGTCAGGGTTTTGCAACCACCAGTACCCATCAGATTGCAGATGCAGTTGGTATTCGTCAGGCAAGCCTGTATTATCATTTTCCGAGCAAAACCGAAATCTTTCTGACCCTGCTGAAAAGCACCGTTGAACCGAGCACCGTTCTGGCAGAAGATCTGAGCACCCTGGATGCAGGTCCGGAAATGCGTCTGTGGGCAATTGTTGCAAGCGAAGTTCGTCTGCTGCTGAGCACCAAATGGAATGTTGGTCGTCTGTATCAGCTGCCGATTGTTGGTAGCGAAGAATTTGCAGAATATCATAGCCAGCGTGAAGCACTGACCAATGTTTTTCGTGATCTGGCAACCGAAATTGTTGGTGATGATCCGCGTGCAGAACTGCCGTTTCATATTACCATGAGCGTTATTGAAATGCGTCGCAATGATGGTAAAATTCCGAGTCCGCTGAGCGCAGATAGCCTGCCGGAAACCGCAATTATGCTGGCAGATGCAAGCCTGGCAGTTCTGGGTGCACCGCTGCCTGCAGATCGTGTTGAAAAAACCCTGGAACTGATTAAACAGGCAGATGCAAAATAA","L3S2P55","CTCGGTACCAAAGACGAACAATAAGACGCTGAAAAGCGTCTTTTTTCGTTTTGGTCC",16.02102366,0.254267595,0.285832211,1.610221897,NULL
2,"NOT_rbs2-BetI","NOT","pBetI","AGCGCGGGTGAGAGGGATTCGTTACCAATTGACAATTGATTGGACGTTCAATATAATGCTAGC","RiboJ57","CTGAAGAAGTCAATTAATGTGCTTTTAATTCTGATGAGTCGGTGACGACGAAACTTCCTCTACAAATAATTTTGTTTAA","RBS2","GCTACGACTTGCTCATTTGACAGAGGATAACTACTA","BetI","GTGCCGAAACTGGGTATGCAGAGCATTCGTCGTCGTCAGCTGATTGATGCAACCCTGGAAGCAATTAATGAAGTTGGTATGCATGATGCAACCATTGCACAGATTGCACGTCGTGCCGGTGTTAGCACCGGTATTATTAGCCATTATTTCCGCGATAAAAACGGTCTGCTGGAAGCAACCATGCGTGATATTACCAGCCAGCTGCGTGATGCAGTTCTGAATCGTCTGCATGCACTGCCGCAGGGTAGCGCAGAACAGCGTCTGCAGGCAATTGTTGGTGGTAATTTTGATGAAACCCAGGTTAGCAGCGCAGCAATGAAAGCATGGCTGGCATTTTGGGCAAGCAGCATGCATCAGCCGATGCTGTATCGTCTGCAGCAGGTTAGCAGTCGTCGTCTGCTGAGCAATCTGGTTAGCGAATTTCGTCGTGAACTGCCTCGTGAACAGGCACAAGAGGCAGGTTATGGTCTGGCAGCACTGATTGATGGTCTGTGGCTGCGTGCAGCACTGAGCGGTAAACCGCTGGATAAAACCCGTGCAAATAGCCTGACCCGTCATTTTATCACCCAGCATCTGCCGACCGATTAA","BBa_B0010","CCAGGCATCAAATAAAACGAAAGGCTCAGTCGAAAGACTGGGCCTTTCGTTTTATCTGTTGTTTGTCGGTGAACGCTCTC",17.43681,1.756201,2.54833,2.633021,NULL
20,"NOT_js2-BetI","NOT","pBetI","AGCGCGGGTGAGAGGgattcgttaccaatagacaATTgATTGGACGTTCAATATAAtgctagc","RiboJ57","CTGAAGAAGTCAATTAATGTGCTTTTAATTCTGATGAGTCGGTGACGACGAAACTTCCTCTACAAATAATTTTGTTTAA","js2","CCCCCCGAGGAGTAGCAC","BetI","ATGCCGAAACTGGGTATGCAGAGCATTCGTCGTCGTCAGCTGATTGATGCAACCCTGGAAGCAATTAATGAAGTTGGTATGCATGATGCAACCATTGCACAGATTGCACGTCGTGCCGGTGTTAGCACCGGTATTATTAGCCATTATTTCCGCGATAAAAACGGTCTGCTGGAAGCAACCATGCGTGATATTACCAGCCAGCTGCGTGATGCAGTTCTGAATCGTCTGCATGCACTGCCGCAGGGTAGCGCAGAACAGCGTCTGCAGGCAATTGTTGGTGGTAATTTTGATGAAACCCAGGTTAGCAGCGCAGCAATGAAAGCATGGCTGGCATTTTGGGCAAGCAGCATGCATCAGCCGATGCTGTATCGTCTGCAGCAGGTTAGCAGTCGTCGTCTGCTGAGCAATCTGGTTAGCGAATTTCGTCGTGAACTGCCTCGTGAACAGGCACAAGAGGCAGGTTATGGTCTGGCAGCACTGATTGATGGTCTGTGGCTGCGTGCAGCACTGAGCGGTAAACCGCTGGATAAAACCCGTGCAAATAGCCTGACCCGTCATTTTATCACCCAGCATCTGCCGACCGATTAA","L3S3P11","CCAATTATTGAACACCCTTCGGGGTGTTTTTTTGTTTCTGGTCTCCC",15.97890295,0.316172702,1.746205434,2.421897328,NULL
3,"NOT_rbs0-BM3R1","NOT","pBM3R1","AATCCGCGTGATAGGTCTGATTCGTTACCAATTGACGGAATGAACGTTCATTCCGATAATGCTAGCTACTAGAG","SarJ","CTGAAGACTGTCGCCGGATGTGTATCCGACCTGACGATGGCCCAAAAGGGCCGAAACAGTCCTCTACAAATAATTTTGTTTAA","RBS0","CTATGGACTATGTTTTAACTACTAG","BM3R1","ATGGAAAGCACCCCGACCAAACAGAAAGCAATTTTTAGCGCAAGCCTGCTGCTGTTTGCAGAACGTGGTTTTGATGCAACCACCATGCCGATGATTGCAGAAAATGCAAAAGTTGGTGCAGGCACCATTTATCGCTATTTCAAAAACAAAGAAAGCCTGGTGAACGAACTGTTTCAGCAGCATGTTAATGAATTTCTGCAGTGTATTGAAAGCGGTCTGGCAAATGAACGTGATGGTTATCGTGATGGCTTTCATCACATTTTTGAAGGTATGGTGACCTTTACCAAAAATCATCCGCGTGCACTGGGTTTTATCAAAACCCATAGCCAGGGCACCTTTCTGACCGAAGAAAGCCGTCTGGCATATCAGAAACTGGTTGAATTTGTGTGCACCTTTTTTCGTGAAGGTCAGAAACAGGGTGTGATTCGTAATCTGCCGGAAAATGCACTGATTGCAATTCTGTTTGGCAGCTTTATGGAAGTGTATGAAATGATCGAGAACGATTATCTGAGCCTGACCGATGAACTGCTGACCGGTGTTGAAGAAAGCCTGTGGGCAGCACTGAGCCGTCAGAGCTAA","L3S2P11","CTCGGTACCAAATTCCAGAAAAGAGACGCTTTCGAGCGTCTTTTTTCGTTTTGGTCC",2.055972,0.01804,0.165888,3.377049,NULL
4,"NOT_rbs1-BM3R1","NOT","pBM3R1","AATCCGCGTGATAGGTCTGATTCGTTACCAATTGACGGAATGAACGTTCATTCCGATAATGCTAGCTACTAGAG","SarJ","CTGAAGACTGTCGCCGGATGTGTATCCGACCTGACGATGGCCCAAAAGGGCCGAAACAGTCCTCTACAAATAATTTTGTTTAA","RBS1","CTATGGACTATGTTTTTCAAAGACGAAAAACTACTAG","BM3R1","ATGGAAAGCACCCCGACCAAACAGAAAGCAATTTTTAGCGCAAGCCTGCTGCTGTTTGCAGAACGTGGTTTTGATGCAACCACCATGCCGATGATTGCAGAAAATGCAAAAGTTGGTGCAGGCACCATTTATCGCTATTTCAAAAACAAAGAAAGCCTGGTGAACGAACTGTTTCAGCAGCATGTTAATGAATTTCTGCAGTGTATTGAAAGCGGTCTGGCAAATGAACGTGATGGTTATCGTGATGGCTTTCATCACATTTTTGAAGGTATGGTGACCTTTACCAAAAATCATCCGCGTGCACTGGGTTTTATCAAAACCCATAGCCAGGGCACCTTTCTGACCGAAGAAAGCCGTCTGGCATATCAGAAACTGGTTGAATTTGTGTGCACCTTTTTTCGTGAAGGTCAGAAACAGGGTGTGATTCGTAATCTGCCGGAAAATGCACTGATTGCAATTCTGTTTGGCAGCTTTATGGAAGTGTATGAAATGATCGAGAACGATTATCTGAGCCTGACCGATGAACTGCTGACCGGTGTTGAAGAAAGCCTGTGGGCAGCACTGAGCCGTCAGAGCTAA","L3S2P11","CTCGGTACCAAATTCCAGAAAAGAGACGCTTTCGAGCGTCTTTTTTCGTTTTGGTCC",2.168494,0.019056,0.627955,2.945651,NULL
14,"NOT_js2-BM3R1","NOT","pBM3R1","AATCCGCGTGATAGGTCTGATTCGTTACCAATTGACGGAATGAACGTTCATTCCGATAATGCTAGC","SarJ","CTGAAGACTGTCGCCGGATGTGTATCCGACCTGACGATGGCCCAAAAGGGCCGAAACAGTCCTCTACAAATAATTTTGTTTAA","js2","CCAAACGAGGCCGGGAGG","BM3R1","ATGGAAAGCACCCCGACCAAACAGAAAGCAATTTTTAGCGCAAGCCTGCTGCTGTTTGCAGAACGTGGTTTTGATGCAACCACCATGCCGATGATTGCAGAAAATGCAAAAGTTGGTGCAGGCACCATTTATCGCTATTTCAAAAACAAAGAAAGCCTGGTGAACGAACTGTTTCAGCAGCATGTTAATGAATTTCTGCAGTGTATTGAAAGCGGTCTGGCAAATGAACGTGATGGTTATCGTGATGGCTTTCATCACATTTTTGAAGGTATGGTGACCTTTACCAAAAATCATCCGCGTGCACTGGGTTTTATCAAAACCCATAGCCAGGGCACCTTTCTGACCGAAGAAAGCCGTCTGGCATATCAGAAACTGGTTGAATTTGTGTGCACCTTTTTTCGTGAAGGTCAGAAACAGGGTGTGATTCGTAATCTGCCGGAAAATGCACTGATTGCAATTCTGTTTGGCAGCTTTATGGAAGTGTATGAAATGATCGAGAACGATTATCTGAGCCTGACCGATGAACTGCTGACCGGTGTTGAAGAAAGCCTGTGGGCAGCACTGAGCCGTCAGAGCTAA","L3S2P11","CTCGGTACCAAATTCCAGAAAAGAGACGCTTTCGAGCGTCTTTTTTCGTTTTGGTCC",3.468985944,0.058479144,1.10248907,3.385747577,NULL
16,"NOT_js2-HlyIIR","NOT","pHlyIIR","ACCAGGAATCTGAACgattcgttaccaattgccATATTTAAAATTCTTGTTTAAAatgctagc","RiboJ51","CTGAAGTAGTCACCGGCTGTGCTTGCCGGTCTGATGAGCCTGTGAAGGCGAAACTACCTCTACAAATAATTTTGTTTAA","js2","ACCCCCGAG","HlyIIR","ATGAAATACATCCTGTTTGAGGTGTGCGAAATGGGTAAAAGCCGTGAACAGACCATGGAAAATATTCTGAAAGCAGCCAAAAAGAAATTCGGCGAACGTGGTTATGAAGGCACCAGCATTCAAGAAATTACCAAAGAAGCCAAAGTTAACGTTGCAATGGCCAGCTATTACTTTAATGGCAAAGAGAACCTGTACTACGAGGTGTTCAAAAAATACGGTCTGGCAAATGAACTGCCGAACTTTCTGGAAAAAAACCAGTTTAATCCGATTAATGCCCTGCGTGAATATCTGACCGTTTTTACCACCCACATTAAAGAAAATCCGGAAATTGGCACCCTGGCCTATGAAGAAATTATCAAAGAAAGCGCACGCCTGGAAAAAATCAAACCGTATTTTATCGGCAGCTTCGAACAGCTGAAAGAAATTCTGCAAGAGGGTGAAAAACAGGGTGTGTTTCACTTTTTTAGCATCAACCATACCATCCATTGGATTACCAGCATTGTTCTGTTTCCGAAATTCAAAAAATTCATCGATAGCCTGGGTCCGAATGAAACCAATGATACCAATCATGAATGGATGCCGGAAGATCTGGTTAGCCGTATTATTAGCGCACTGACCGATAAACCGAACATTTAA","ECK120033736","aacgcatgagAAAGCCCCCGGAAGATCACCTTCCGGGGGCTTTtttattgcgc",10.69447062,0.3065751,0.817007651,2.62065288,NULL
19,"NOT_js2-IcaRA","NOT","pIcaRA","GTCAACTCATAAGATtctgattcgttaccaattgacaaTTCACCTACCTTTCGTTAGgTTAGGTTGT","ElvJ","CTGAagCCCCATAGGGTGGTGTGTACCACCCCTGATGAGTCCAAAAGGACGAAATGGGGcctctacaaataattttgtttaa","js2","ATTGCTATGGACTATGTTTCAAAGTGAGAATACTAG","IcaRA","GTGAAAGACAAAATTATCGATAACGCCATCACCCTGTTTAGCGAAAAAGGTTATGACGGCACCACCCTGGATGATATTGCAAAAAGCGTGAACATCAAAAAAGCCAGCCTGTATTATCACTTTGATAGCAAAAAAAGCATCTACGAGCAGAGCGTTAAATGCTGTTTCGATTATCTGAACAACATCATCATGATGAACCAGAACAAAAGCAACTATAGCATCGATGCCCTGTATCAGTTTCTGTTTGAGTTCATCTTCGATATCGAGGAACGCTATATTCGTATGTATGTTCAGCTGAGCAACACACCGGAAGAATTTTCAGGTAACATTTATGGCCAGATCCAGGATCTGAATCAGAGCCTGAGCAAAGAAATCGCCAAATTCTATGACGAAAGCAAAATCAAAATGACCAAAGAGGACTTCCAGAATCTGATTCTGCTGTTTCTGGAAAGCTGGTATCTGAAAGCCAGCTTTAGCCAGAAATTTGGTGCAGTTGAAGAAAGCAAAAGCCAGTTTAAAGATGAGGTTTATAGCCTGCTGAACATCTTTCTGAAGAAATAA","ECK120016170","ACAATTTTCGAAAAAACCCGCTTCGGCGGGTTTTTTTATAGCTAAAA",11.16941158,0.428569891,0.487305747,1.620637173,NULL
5,"NOT_rbs2-LitR","NOT","pLitR","CGAGCGTAGAGCTTAGATTCGTTACCAATTGACAAATTTATAAATTGTCAGTATAATGCTAGC","PlmJ","CTGAAGTCATAAGTCTGGGCTAAGCCCACTGATGAGTCGCTGAAATGCGACGAAACTTATGACCTCTACAAATAATTTTGTTTAA","RBS2","GTCCTATGGACTTTTTCATACAGGAGAACCCTCG","LitR","ATGGATACCATTCAGAAACGTCCGCGTACCCGTCTGAGTCCGGAAAAACGTAAAGAACAGCTGCTGGATATTGCCATTGAAGTTTTTAGCCAGCGTGGTATTGGTCGTGGTGGTCATGCAGATATTGCAGAAATTGCACAGGTTAGCGTTGCAACCGTGTTTAACTATTTTCCGACCCGTGAAGATCTGGTTGATGATGTTCTGAACAAAGTGGAAAACGAGTTTCACCAGTTCATCAATAACAGCATTAGCCTGGATCTGGATGTTCGTAGCAATCTGAATACCCTGCTGCTGAACATTATTGATAGCGTTCAGACCGGCAACAAATGGATTAAAGTTTGGTTTGAATGGTCAACCAGCACCCGTGATGAAGTTTGGCCTCTGTTTCTGAGCACCCATAGCAATACCAATCAGGTGATCAAAACCATGTTTGAAGAGGGTATTGAACGCAATGAAGTGTGCAATGATCATACACCGGAAAATCTGACCAAAATGCTGCATGGTATTTGCTATAGCGTGTTTATTCAGGCCAATCGTAATAGCAGCAGCGAAGAAATGGAAGAAACCGCAAATTGCTTTCTGAATATGCTGTGCATCTACAAATAA","L3S2P24","CTCGGTACCAAATTCCAGAAAAGACACCCGAAAGGGTGTTTTTTCGTTTTGGTCC",10.20081,0.263379,0.138481,1.542546,NULL
18,"NOT_js2-LitR","NOT","pLitR","CGAGCGTAGAGCTTAgattcgttaccaatTGACAAATTTATAAATTGTCAgtacagtcctagc","PlmJ","CTGAAGTCATAAGTCTGGGCTAAGCCCACTGATGAGTCGCTGAAATGCGACGAAACTTATGACCTCTACAAATAATTTTGTTTAA","js2","GTCCTATGGACTTTTTCATACAGGAGAACCCTCG","LitR","ATGGATACCATTCAGAAACGTCCGCGTACCCGTCTGAGTCCGGAAAAACGTAAAGAACAGCTGCTGGATATTGCCATTGAAGTTTTTAGCCAGCGTGGTATTGGTCGTGGTGGTCATGCAGATATTGCAGAAATTGCACAGGTTAGCGTTGCAACCGTGTTTAACTATTTTCCGACCCGTGAAGATCTGGTTGATGATGTTCTGAACAAAGTGGAAAACGAGTTTCACCAGTTCATCAATAACAGCATTAGCCTGGATCTGGATGTTCGTAGCAATCTGAATACCCTGCTGCTGAACATTATTGATAGCGTTCAGACCGGCAACAAATGGATTAAAGTTTGGTTTGAATGGTCAACCAGCACCCGTGATGAAGTTTGGCCTCTGTTTCTGAGCACCCATAGCAATACCAATCAGGTGATCAAAACCATGTTTGAAGAGGGTATTGAACGCAATGAAGTGTGCAATGATCATACACCGGAAAATCTGACCAAAATGCTGCATGGTATTTGCTATAGCGTGTTTATTCAGGCCAATCGTAATAGCAGCAGCGAAGAAATGGAAGAAACCGCAAATTGCTTTCTGAATATGCTGTGCATCTACAAATAA","L3S2P24","CTCGGTACCAAATTCCAGAAAAGACACCCGAAAGGGTGTTTTTTCGTTTTGGTCC",18.09749561,0.291015685,0.202513104,1.697255275,NULL
6,"NOT_rbs0-PhlF","NOT","pPhlF","CGACGTACGGTGGAATCTGATTCGTTACCAATTGACATGATACGAAACGTACCGTATCGTTAAGGT","RiboJ53","CTGAAGCGGTCAACGCATGTGCTTTGCGTTCTGATGAGACAGTGATGTCGAAACCGCCTCTACAAATAATTTTGTTTAA","RBS0","CTATGGACTATGTTTGAAAGGGAGAAATACTAG","PhlF","ATGGCACGTACCCCGAGCCGTAGCAGCATTGGTAGCCTGCGTAGTCCGCATACCCATAAAGCAATTCTGACCAGCACCATTGAAATCCTGAAAGAATGTGGTTATAGCGGTCTGAGCATTGAAAGCGTTGCACGTCGTGCCGGTGCAAGCAAACCGACCATTTATCGTTGGTGGACCAATAAAGCAGCACTGATTGCCGAAGTGTATGAAAATGAAAGCGAACAGGTGCGTAAATTTCCGGATCTGGGTAGCTTTAAAGCCGATCTGGATTTTCTGCTGCGTAATCTGTGGAAAGTTTGGCGTGAAACCATTTGTGGTGAAGCATTTCGTTGTGTTATTGCAGAAGCACAGCTGGACCCTGCAACCCTGACCCAGCTGAAAGATCAGTTTATGGAACGTCGTCGTGAGATGCCGAAAAAACTGGTTGAAAATGCCATTAGCAATGGTGAACTGCCGAAAGATACCAATCGTGAACTGCTGCTGGATATGATTTTTGGTTTTTGTTGGTATCGCCTGCTGACCGAACAGCTGACCGTTGAACAGGATATTGAAGAATTTACCTTCCTGCTGATTAATGGTGTTTGTCCGGGTACACAGCGTTAA","ECK120033737","GGAAACACAGAAAAAAGCCCGCACCTGACAGTGCGGGCTTTTTTTTTCGACCAAAGG",16.28852,0.061101,0.115825,4.031351,NULL
7,"NOT_rbs1-PhlF","NOT","pPhlF","CGACGTACGGTGGAATCTGATTCGTTACCAATTGACATGATACGAAACGTACCGTATCGTTAAGGT","RiboJ53","CTGAAGCGGTCAACGCATGTGCTTTGCGTTCTGATGAGACAGTGATGTCGAAACCGCCTCTACAAATAATTTTGTTTAA","RBS1","GGAGCTATGGACTATGTTTGAAAGGCTGAAATACTAG","PhlF","ATGGCACGTACCCCGAGCCGTAGCAGCATTGGTAGCCTGCGTAGTCCGCATACCCATAAAGCAATTCTGACCAGCACCATTGAAATCCTGAAAGAATGTGGTTATAGCGGTCTGAGCATTGAAAGCGTTGCACGTCGTGCCGGTGCAAGCAAACCGACCATTTATCGTTGGTGGACCAATAAAGCAGCACTGATTGCCGAAGTGTATGAAAATGAAAGCGAACAGGTGCGTAAATTTCCGGATCTGGGTAGCTTTAAAGCCGATCTGGATTTTCTGCTGCGTAATCTGTGGAAAGTTTGGCGTGAAACCATTTGTGGTGAAGCATTTCGTTGTGTTATTGCAGAAGCACAGCTGGACCCTGCAACCCTGACCCAGCTGAAAGATCAGTTTATGGAACGTCGTCGTGAGATGCCGAAAAAACTGGTTGAAAATGCCATTAGCAATGGTGAACTGCCGAAAGATACCAATCGTGAACTGCTGCTGGATATGATTTTTGGTTTTTGTTGGTATCGCCTGCTGACCGAACAGCTGACCGTTGAACAGGATATTGAAGAATTTACCTTCCTGCTGATTAATGGTGTTTGTCCGGGTACACAGCGTTAA","ECK120033737","GGAAACACAGAAAAAAGCCCGCACCTGACAGTGCGGGCTTTTTTTTTCGACCAAAGG",17.22043,0.073805,0.560868,3.876935,NULL
13,"NOT_js2-PhlF","NOT","pPhlF","CGACGTACGGTGGAAtctgattcgttaccaattgacATGATACGAAACGTACCGTATCGTTAAGGT","RiboJ53","CTGAAGCGGTCAACGCATGTGCTTTGCGTTCTGATGAGACAGTGATGTCGAAACCGCCTCTACAAATAATTTTGTTTAA","js2","CTTTACGAGGGCGATCCT","PhlF","ATGGCACGTACCCCGAGCCGTAGCAGCATTGGTAGCCTGCGTAGTCCGCATACCCATAAAGCAATTCTGACCAGCACCATTGAAATCCTGAAAGAATGTGGTTATAGCGGTCTGAGCATTGAAAGCGTTGCACGTCGTGCCGGTGCAAGCAAACCGACCATTTATCGTTGGTGGACCAATAAAGCAGCACTGATTGCCGAAGTGTATGAAAATGAAAGCGAACAGGTGCGTAAATTTCCGGATCTGGGTAGCTTTAAAGCCGATCTGGATTTTCTGCTGCGTAATCTGTGGAAAGTTTGGCGTGAAACCATTTGTGGTGAAGCATTTCGTTGTGTTATTGCAGAAGCACAGCTGGACCCTGCAACCCTGACCCAGCTGAAAGATCAGTTTATGGAACGTCGTCGTGAGATGCCGAAAAAACTGGTTGAAAATGCCATTAGCAATGGTGAACTGCCGAAAGATACCAATCGTGAACTGCTGCTGGATATGATTTTTGGTTTTTGTTGGTATCGCCTGCTGACCGAACAGCTGACCGTTGAACAGGATATTGAAGAATTTACCTTCCTGCTGATTAATGGTGTTTGTCCGGGTACACAGCGTTAA","ECK120033737","ggaaacacagAAAAAAGCCCGCACCTGACAGTGCGGGCTTTTTTTTTcgaccaaagg",28.85427545,0.080108347,0.977191433,4.171308584,NULL
8,"NOT_rbs2-QacR","NOT","pQacR","GGTATGGAAGCTATACGTTACCAATTGACAGCTAGCTCAGTCCTACTTTAGTATATAGACCGTGCGATCGGTCTATA","RiboJ60","CTGAAGTCGTCAAGTGCTGTGCTTGCACTTCTGATGAGGCAGTGATGCCGAAACGACCTCTACAAATAATTTTGTTTAA","RBS2","GTAAGCCATGCCATTGGCTTTTGATAGAGGATAACTACTAG","QacR","ATGAACCTGAAAGATAAAATTCTGGGCGTTGCCAAAGAACTGTTTATCAAAAATGGCTATAACGCAACCACCACCGGTGAAATTGTTAAACTGAGCGAAAGCAGCAAAGGCAATCTGTATTATCACTTTAAAACCAAAGAGAACCTGTTTCTGGAAATCCTGAACATCGAAGAAAGCAAATGGCAAGAGCAGTGGAAAAAAGAACAAATCAAATGCAAAACCAACCGCGAGAAATTCTATCTGTATAATGAACTGAGCCTGACCACCGAATATTACTATCCGCTGCAGAATGCCATCATCGAGTTTTATACCGAGTACTATAAAACCAACAGCATCAACGAGAAAATGAACAAACTGGAAAACAAATACATCGATGCCTACCACGTGATCTTTAAAGAAGGTAATCTGAACGGCGAATGGTGCATTAATGATGTTAATGCCGTGAGCAAAATTGCAGCAAATGCCGTTAATGGCATTGTTACCTTTACCCATGAGCAGAATATCAACGAACGCATTAAACTGATGAACAAATTCAGCCAGATCTTTCTGAATGGCCTGAGCAAATAA","ECK120010818","GTCAGTTTCACCTGTTTTACGTAAAAACCCGCTTCGGCGGGTTTTTACTTTTGG",10.30179,0.052934,0.229763,2.687793,NULL
17,"NOT_js-QacR","NOT","pQacR","ggtatggaagctatacgttaccaattgacagctagctcagtccTACTTTAGTATATAGACCGTGCGATCGGTCTATA","RiboJ60","CTGAAGTCGTCAAGTGCTGTGCTTGCACTTCTGATGAGGCAGTGATGCCGAAACGACCTCTACAAATAATTTTGTTTAA","js","GCCATGCCATTGGCTTTTGATAGAGGACAACTACTAG","QacR","ATGAACCTGAAAGATAAAATTCTGGGCGTTGCCAAAGAACTGTTTATCAAAAATGGCTATAACGCAACCACCACCGGTGAAATTGTTAAACTGAGCGAAAGCAGCAAAGGCAATCTGTATTATCACTTTAAAACCAAAGAGAACCTGTTTCTGGAAATCCTGAACATCGAAGAAAGCAAATGGCAAGAGCAGTGGAAAAAAGAACAAATCAAATGCAAAACCAACCGCGAGAAATTCTATCTGTATAATGAACTGAGCCTGACCACCGAATATTACTATCCGCTGCAGAATGCCATCATCGAGTTTTATACCGAGTACTATAAAACCAACAGCATCAACGAGAAAATGAACAAACTGGAAAACAAATACATCGATGCCTACCACGTGATCTTTAAAGAAGGTAATCTGAACGGCGAATGGTGCATTAATGATGTTAATGCCGTGAGCAAAATTGCAGCAAATGCCGTTAATGGCATTGTTACCTTTACCCATGAGCAGAATATCAACGAACGCATTAAACTGATGAACAAATTCAGCCAGATCTTTCTGAATGGCCTGAGCAAATAA","ECK120010818","GTCAGTTTCACCTGTTTTACGTAAAAACCCGCTTCGGCGGGTTTTTACTTTTGG",15.10292407,0.129020109,1.036520055,2.471422735,NULL
9,"NOT_rbs0-SrpR","NOT","pSrpR","TCTATGATTGGTCCAGATTCGTTACCAATTGACAGCTAGCTCAGTCCTAGGTATATACATACATGCTTGTTTGTTTGTAAAC","RiboJ10","CTGAAGCGCTCAACGGGTGTGCTTCCCGTTCTGATGAGTCCGTGAGGACGAAAGCGCCTCTACAAATAATTTTGTTTAA","RBS0","CTATGGACTATGTTTTCACACAGGAAATACCAGG","SrpR","ATGGCACGTAAAACCGCAGCAGAAGCAGAAGAAACCCGTCAGCGTATTATTGATGCAGCACTGGAAGTTTTTGTTGCACAGGGTGTTAGTGATGCAACCCTGGATCAGATTGCACGTAAAGCCGGTGTTACCCGTGGTGCAGTTTATTGGCATTTTAATGGTAAACTGGAAGTTCTGCAGGCAGTTCTGGCAAGCCGTCAGCATCCGCTGGAACTGGATTTTACACCGGATCTGGGTATTGAACGTAGCTGGGAAGCAGTTGTTGTTGCAATGCTGGATGCAGTTCATAGTCCGCAGAGCAAACAGTTTAGCGAAATTCTGATTTATCAGGGTCTGGATGAAAGCGGTCTGATTCATAATCGTATGGTTCAGGCAAGCGATCGTTTTCTGCAGTATATTCATCAGGTTCTGCGTCATGCAGTTACCCAGGGTGAACTGCCGATTAATCTGGATCTGCAGACCAGCATTGGTGTTTTTAAAGGTCTGATTACCGGTCTGCTGTATGAAGGTCTGCGTAGCAAAGATCAGCAGGCACAGATTATCAAAGTTGCACTGGGTAGCTTTTGGGCACTGCTGCGTGAACCGCCTCGTTTTCTGCTGTGTGAAGAAGCACAGATTAAACAGGTGAAATCCTTCGAATAA","ECK120029600","TTCAGCCAAAAAACTTAAGACCGCCGGTCTTGTCCACTACCTTGCAGTAATGCGGTGGACAGGATCGGCGGTTTTCTTTTCTCTTCTCAA",8.821696,0.030248,0.415826,2.809881,NULL
10,"NOT_rbs1-SrpR","NOT","pSrpR","TCTATGATTGGTCCAGATTCGTTACCAATTGACAGCTAGCTCAGTCCTAGGTATATACATACATGCTTGTTTGTTTGTAAAC","RiboJ10","CTGAAGCGCTCAACGGGTGTGCTTCCCGTTCTGATGAGTCCGTGAGGACGAAAGCGCCTCTACAAATAATTTTGTTTAA","RBS1","GAGTCTATGGACTATGTTTTCACAGAGGAGGTACCAGG","SrpR","ATGGCACGTAAAACCGCAGCAGAAGCAGAAGAAACCCGTCAGCGTATTATTGATGCAGCACTGGAAGTTTTTGTTGCACAGGGTGTTAGTGATGCAACCCTGGATCAGATTGCACGTAAAGCCGGTGTTACCCGTGGTGCAGTTTATTGGCATTTTAATGGTAAACTGGAAGTTCTGCAGGCAGTTCTGGCAAGCCGTCAGCATCCGCTGGAACTGGATTTTACACCGGATCTGGGTATTGAACGTAGCTGGGAAGCAGTTGTTGTTGCAATGCTGGATGCAGTTCATAGTCCGCAGAGCAAACAGTTTAGCGAAATTCTGATTTATCAGGGTCTGGATGAAAGCGGTCTGATTCATAATCGTATGGTTCAGGCAAGCGATCGTTTTCTGCAGTATATTCATCAGGTTCTGCGTCATGCAGTTACCCAGGGTGAACTGCCGATTAATCTGGATCTGCAGACCAGCATTGGTGTTTTTAAAGGTCTGATTACCGGTCTGCTGTATGAAGGTCTGCGTAGCAAAGATCAGCAGGCACAGATTATCAAAGTTGCACTGGGTAGCTTTTGGGCACTGCTGCGTGAACCGCCTCGTTTTCTGCTGTGTGAAGAAGCACAGATTAAACAGGTGAAATCCTTCGAATAA","ECK120029600","TTCAGCCAAAAAACTTAAGACCGCCGGTCTTGTCCACTACCTTGCAGTAATGCGGTGGACAGGATCGGCGGTTTTCTTTTCTCTTCTCAA",5.538373,0.011192,0.043338,2.926147,NULL
11,"NOT_rbs3-SrpR","NOT","pSrpR","TCTATGATTGGTCCAGATTCGTTACCAATTGACAGCTAGCTCAGTCCTAGGTATATACATACATGCTTGTTTGTTTGTAAAC","RiboJ10","CTGAAGCGCTCAACGGGTGTGCTTCCCGTTCTGATGAGTCCGTGAGGACGAAAGCGCCTCTACAAATAATTTTGTTTAA","RBS3","GAGTCTATGGACTATGTTTTCACAAAGGAAGTACCAGG","SrpR","ATGGCACGTAAAACCGCAGCAGAAGCAGAAGAAACCCGTCAGCGTATTATTGATGCAGCACTGGAAGTTTTTGTTGCACAGGGTGTTAGTGATGCAACCCTGGATCAGATTGCACGTAAAGCCGGTGTTACCCGTGGTGCAGTTTATTGGCATTTTAATGGTAAACTGGAAGTTCTGCAGGCAGTTCTGGCAAGCCGTCAGCATCCGCTGGAACTGGATTTTACACCGGATCTGGGTATTGAACGTAGCTGGGAAGCAGTTGTTGTTGCAATGCTGGATGCAGTTCATAGTCCGCAGAGCAAACAGTTTAGCGAAATTCTGATTTATCAGGGTCTGGATGAAAGCGGTCTGATTCATAATCGTATGGTTCAGGCAAGCGATCGTTTTCTGCAGTATATTCATCAGGTTCTGCGTCATGCAGTTACCCAGGGTGAACTGCCGATTAATCTGGATCTGCAGACCAGCATTGGTGTTTTTAAAGGTCTGATTACCGGTCTGCTGTATGAAGGTCTGCGTAGCAAAGATCAGCAGGCACAGATTATCAAAGTTGCACTGGGTAGCTTTTGGGCACTGCTGCGTGAACCGCCTCGTTTTCTGCTGTGTGAAGAAGCACAGATTAAACAGGTGAAATCCTTCGAATAA","ECK120029600","TTCAGCCAAAAAACTTAAGACCGCCGGTCTTGTCCACTACCTTGCAGTAATGCGGTGGACAGGATCGGCGGTTTTCTTTTCTCTTCTCAA",8.966366,0.017023,0.267569,2.795158,NULL
12,"NOT_js2-SrpR","NOT","pSrpR","TCTATGATTGGTCCAgattcgttaccaattgacagctagctcagtcctaggtATATACATACATGCTTGTTTGTTTGTAAAC","RiboJ10","CTGAAGCGCTCAACGGGTGTGCTTCCCGTTCTGATGAGTCCGTGAGGACGAAAGCGCCTCTACAAATAATTTTGTTTAA","js2","GAGTCTATGGACTATGTTTTCACATATGAGATACCAGG","SrpR","ATGGCACGTAAAACCGCAGCAGAAGCAGAAGAAACCCGTCAGCGTATTATTGATGCAGCACTGGAAGTTTTTGTTGCACAGGGTGTTAGTGATGCAACCCTGGATCAGATTGCACGTAAAGCCGGTGTTACCCGTGGTGCAGTTTATTGGCATTTTAATGGTAAACTGGAAGTTCTGCAGGCAGTTCTGGCAAGCCGTCAGCATCCGCTGGAACTGGATTTTACACCGGATCTGGGTATTGAACGTAGCTGGGAAGCAGTTGTTGTTGCAATGCTGGATGCAGTTCATAGTCCGCAGAGCAAACAGTTTAGCGAAATTCTGATTTATCAGGGTCTGGATGAAAGCGGTCTGATTCATAATCGTATGGTTCAGGCAAGCGATCGTTTTCTGCAGTATATTCATCAGGTTCTGCGTCATGCAGTTACCCAGGGTGAACTGCCGATTAATCTGGATCTGCAGACCAGCATTGGTGTTTTTAAAGGTCTGATTACCGGTCTGCTGTATGAAGGTCTGCGTAGCAAAGATCAGCAGGCACAGATTATCAAAGTTGCACTGGGTAGCTTTTGGGCACTGCTGCGTGAACCGCCTCGTTTTCTGCTGTGTGAAGAAGCACAGATTAAACAGGTGAAATCCTTCGAATAA","ECK120019600","TTCAGCCAAAAAACTTAAGACCGCCGGTCTTGTCCACTACCTTGCAGTAATGCGGTGGACAGGATCGGCGGTTTTCTTTTCTCTTCTCAA",14.52805309,0.074092292,0.34917443,2.565844601,NULL
